Frame,Sprite,Mover,FPS,Transform,Camera,Player,
0,0.0008989,4.82e-005,inf,3e-007,1.32e-005,5.2e-006,
1,0.0003474,4.52e-005,76.9231,5e-007,2.23e-005,5.7e-006,
2,0.0003269,4.55e-005,71.4286,6e-007,2.27e-005,6e-006,
3,0.0003106,0.0001823,125,1.1e-006,4.94e-005,8.3e-006,
4,0.0003607,4.34e-005,90.9091,1.1e-006,3.12e-005,6.3e-006,
5,0.0003044,4.45e-005,142.857,6e-007,2.33e-005,6.1e-006,
6,0.0003554,3.1e-005,90.9091,5e-007,1.97e-005,5e-006,
7,0.0003571,3.84e-005,166.667,1e-006,2.65e-005,7.1e-006,
8,0.0003453,0.0001735,142.857,8e-007,4.71e-005,8e-006,
9,0.0004003,0.0002044,90.9091,9e-007,3.72e-005,8.5e-006,
10,0.0003033,7.15e-005,142.857,6e-007,4.47e-005,7.6e-006,
11,0.0003362,6.58e-005,200,1.8e-006,3.19e-005,6.7e-006,
12,0.0003085,4.03e-005,142.857,4e-007,1.84e-005,5.4e-006,
13,0.0003792,7.67e-005,200,9e-007,3.58e-005,7.2e-006,
14,0.0003074,3.93e-005,142.857,3e-007,1.89e-005,5.6e-006,
15,0.0002518,3.1e-005,166.667,9e-007,1.63e-005,4.6e-006,
16,0.0002952,3.95e-005,200,4e-007,1.54e-005,5.4e-006,
17,0.0002966,3.83e-005,166.667,4e-007,1.65e-005,5.5e-006,
18,0.0002473,3.21e-005,142.857,4e-007,1.64e-005,5.1e-006,
19,0.000249,3.2e-005,166.667,4e-007,1.74e-005,4.5e-006,
20,0.0002427,3.09e-005,166.667,3e-007,1.68e-005,4.6e-006,
21,0.0002569,3.14e-005,166.667,2e-007,2.77e-005,4.6e-006,
22,0.0002934,3.87e-005,166.667,7e-007,4.07e-005,6.7e-006,
23,0.0003565,4.16e-005,166.667,8e-007,2.86e-005,6.8e-006,
24,0.0002968,3.49e-005,166.667,7e-007,3.32e-005,6.1e-006,
25,0.0002783,3.51e-005,166.667,1.1e-006,3.37e-005,6e-006,
26,0.0002789,3.7e-005,166.667,6e-007,3e-005,6.5e-006,
27,0.0003299,6.35e-005,166.667,1e-006,3.45e-005,7.4e-006,
28,0.0002934,3.72e-005,142.857,1e-006,3.63e-005,6e-006,
29,0.0002758,3.6e-005,200,7e-007,2.88e-005,6.6e-006,
30,0.0003593,5.7e-005,166.667,6e-007,3.5e-005,7.3e-006,
31,0.0003455,4.43e-005,166.667,7e-007,3.2e-005,7.6e-006,
32,0.0003034,3.49e-005,142.857,5e-007,3.08e-005,6.5e-006,
33,0.0003509,4.09e-005,166.667,7e-007,3.23e-005,7.5e-006,
34,0.0002917,3.87e-005,166.667,3e-007,1.63e-005,5.6e-006,
35,0.000295,3.9e-005,166.667,4e-007,1.73e-005,5.6e-006,
36,0.0003348,4.19e-005,166.667,4e-007,3.07e-005,6.7e-006,
37,0.000293,3.93e-005,166.667,3e-007,1.41e-005,5.3e-006,
38,0.0002969,3.84e-005,166.667,4e-007,1.73e-005,5.7e-006,
39,0.000295,3.94e-005,166.667,4e-007,1.8e-005,5.5e-006,
40,0.0002502,3.24e-005,166.667,4e-007,1.62e-005,4.7e-006,
41,0.0003425,5.24e-005,166.667,1.1e-006,5.94e-005,6.9e-006,
42,0.0003341,3.97e-005,142.857,6e-007,2.85e-005,6e-006,
43,0.0002826,5.31e-005,200,7e-007,2.99e-005,5.5e-006,
44,0.0003895,6.78e-005,166.667,6e-007,3.04e-005,7.7e-006,
45,0.0003089,0.0001425,166.667,9e-007,3.08e-005,7e-006,
46,0.000284,5.74e-005,166.667,4e-007,2.55e-005,7.4e-006,
47,0.0003183,4.08e-005,166.667,5e-007,3.25e-005,6.9e-006,
48,0.0002594,4.34e-005,166.667,3e-007,2.95e-005,5.9e-006,
49,0.0002877,3.92e-005,166.667,7e-007,2.8e-005,6.9e-006,
50,0.0002706,4.13e-005,166.667,9e-007,2.87e-005,6.8e-006,
51,0.0003749,5.97e-005,142.857,5e-007,3.04e-005,6.7e-006,
52,0.0002727,6e-005,166.667,9e-007,2.48e-005,6.1e-006,
53,0.0004109,0.0001909,166.667,5e-007,3.01e-005,7.2e-006,
54,0.000341,4.1e-005,166.667,9e-007,2.65e-005,6.9e-006,
55,0.0003201,4.2e-005,166.667,5e-007,2.73e-005,5.9e-006,
56,0.0002542,3.27e-005,166.667,3e-007,1.84e-005,5.1e-006,
57,0.0003539,5.61e-005,166.667,4e-007,2.77e-005,6.8e-006,
58,0.0003387,4.05e-005,166.667,8e-007,2.57e-005,5.9e-006,
59,0.000407,0.0001796,166.667,5e-007,2.78e-005,7.7e-006,
60,0.0002975,3.95e-005,166.667,3e-007,1.68e-005,5.5e-006,
61,0.0002636,3.14e-005,166.667,3e-007,3.49e-005,5.6e-006,
62,0.0004303,6.05e-005,166.667,8e-007,3.28e-005,7.1e-006,
63,0.0003578,5.62e-005,166.667,5e-007,2.56e-005,6.1e-006,
64,0.000289,4.85e-005,166.667,6e-007,2.72e-005,5.7e-006,
65,0.0003601,0.0001083,166.667,1e-006,2.95e-005,7.9e-006,
66,0.0004011,6.46e-005,142.857,5e-007,3.88e-005,5.8e-006,
67,0.0003504,5.71e-005,166.667,7e-007,2.93e-005,7e-006,
68,0.0003144,5.59e-005,166.667,8e-007,2.37e-005,5.4e-006,
69,0.0002603,4.48e-005,166.667,8e-007,3.23e-005,6.5e-006,
70,0.0003719,9.46e-005,166.667,5e-007,2.79e-005,6e-006,
71,0.0002782,5.22e-005,166.667,6e-007,2.87e-005,5.8e-006,
72,0.0002708,4.92e-005,166.667,8e-007,3.93e-005,6.7e-006,
73,0.0002639,5.66e-005,166.667,4e-007,2.6e-005,5.9e-006,
74,0.0004148,0.0001459,166.667,9e-007,2.78e-005,6.1e-006,
75,0.0003178,4.61e-005,166.667,6e-007,2.59e-005,6.3e-006,
76,0.000249,3.44e-005,166.667,2e-007,2.55e-005,5.2e-006,
77,0.0003494,5.98e-005,166.667,6e-007,2.59e-005,6.2e-006,
78,0.0002682,5.17e-005,166.667,4e-007,2.74e-005,6e-006,
79,0.0003163,3.7e-005,166.667,8e-007,2.45e-005,6e-006,
80,0.0003044,3.91e-005,166.667,3e-007,1.78e-005,5.4e-006,
81,0.0002985,4.21e-005,166.667,4e-007,4.01e-005,5.7e-006,
82,0.0003455,5.05e-005,166.667,5e-007,2.39e-005,6.1e-006,
83,0.0003932,6.16e-005,166.667,6e-007,3.43e-005,6.3e-006,
84,0.000347,6.16e-005,142.857,5e-007,3.37e-005,6.7e-006,
85,0.0003366,5.99e-005,166.667,5e-007,2.46e-005,6.3e-006,
86,0.0003337,5.28e-005,166.667,9e-007,2.73e-005,5.8e-006,
87,0.0002701,4.54e-005,166.667,6e-007,3.22e-005,6.7e-006,
88,0.0003355,5.94e-005,166.667,5e-007,2.44e-005,7.1e-006,
89,0.0003427,0.0001715,166.667,5e-007,3.01e-005,6.3e-006,
90,0.0002801,5.52e-005,166.667,6e-007,2.94e-005,6.5e-006,
91,0.0002823,5.16e-005,166.667,7e-007,2.93e-005,4.8e-006,
92,0.0003439,5.84e-005,166.667,6e-007,3.12e-005,6.1e-006,
93,0.0003557,5.75e-005,166.667,1e-006,3.1e-005,7.1e-006,
94,0.0003497,5.08e-005,142.857,7e-007,2.66e-005,6.6e-006,
95,0.0003606,4.47e-005,166.667,8e-007,2.92e-005,8e-006,
96,0.0003536,5.97e-005,166.667,7e-007,2.92e-005,5.6e-006,
97,0.0003146,3.94e-005,200,4e-007,2.03e-005,5.7e-006,
98,0.0006046,6.8e-005,142.857,5e-007,2.77e-005,7.9e-006,
99,0.0004452,8.59e-005,166.667,9e-007,3.18e-005,6e-006,
100,0.0003035,4.02e-005,166.667,5e-007,1.68e-005,5.7e-006,
101,0.0002466,3.07e-005,166.667,4e-007,2.87e-005,4.7e-006,
102,0.0003125,7.05e-005,166.667,4e-007,1.79e-005,5.5e-006,
103,0.0003898,7.3e-005,166.667,1.2e-006,2.78e-005,7.1e-006,
104,0.0003285,9.6e-005,166.667,9e-007,2.34e-005,5.6e-006,
105,0.0003358,3.87e-005,166.667,5e-007,2.51e-005,5.2e-006,
106,0.0002972,5.71e-005,166.667,1.3e-006,2.57e-005,5.4e-006,
107,0.0002691,3.85e-005,166.667,5e-007,2.62e-005,5.7e-006,
108,0.0002978,5.8e-005,166.667,7e-007,2.94e-005,5.9e-006,
109,0.0003245,5.63e-005,166.667,1e-006,3.24e-005,6.1e-006,
110,0.0003056,0.0001022,166.667,8e-007,3.08e-005,6.2e-006,
111,0.0002653,0.0001692,166.667,1.1e-006,3.38e-005,5.8e-006,
112,0.0002993,3.87e-005,166.667,3e-007,1.58e-005,5.1e-006,
113,0.0002849,3.77e-005,166.667,3e-007,1.36e-005,5e-006,
114,0.0002312,3.12e-005,166.667,3e-007,9.6e-006,3.9e-006,
115,0.0003773,5.18e-005,200,3e-007,2.66e-005,6e-006,
116,0.0002885,3.97e-005,142.857,3e-007,1.37e-005,4.9e-006,
117,0.0002874,3.91e-005,166.667,3e-007,2.04e-005,4.9e-006,
118,0.0002901,3.18e-005,166.667,2e-007,1.76e-005,4.8e-006,
119,0.0002888,3.92e-005,200,3e-007,1.15e-005,4.7e-006,
120,0.0003114,3.92e-005,142.857,2e-007,1.22e-005,4.8e-006,
121,0.0003291,6.05e-005,200,6e-007,5.51e-005,6.4e-006,
122,0.0002393,3.11e-005,142.857,3e-007,1.73e-005,4e-006,
123,0.000328,3.87e-005,166.667,2e-007,1.09e-005,4.9e-006,
124,0.0004215,6.67e-005,200,3e-007,2.56e-005,5.9e-006,
125,0.00027,3.21e-005,142.857,2e-007,1.1e-005,3.8e-006,
126,0.0002784,4.21e-005,166.667,2e-007,9.4e-006,4.7e-006,
127,0.0002818,4.2e-005,200,3e-007,1.17e-005,5.2e-006,
128,0.000276,3.99e-005,166.667,2e-007,1.96e-005,4.6e-006,
129,0.0002812,4.04e-005,166.667,3e-007,1.42e-005,5e-006,
130,0.0002785,3.94e-005,142.857,1e-007,1.03e-005,4.6e-006,
131,0.0003135,4.01e-005,200,4e-007,1.88e-005,5.4e-006,
132,0.0002894,4.03e-005,142.857,2e-007,1.25e-005,4.7e-006,
133,0.000287,3.99e-005,166.667,2e-007,1.15e-005,4.7e-006,
134,0.0002875,4.03e-005,166.667,2e-007,1.22e-005,4.7e-006,
135,0.0003299,3.87e-005,166.667,2e-007,1.07e-005,4.7e-006,
136,0.0002797,3.95e-005,166.667,2e-007,1.09e-005,4.6e-006,
137,0.0002745,3.9e-005,166.667,2e-007,9.9e-006,4.7e-006,
138,0.0002781,3.99e-005,166.667,2e-007,1.04e-005,4.5e-006,
139,0.0002853,4.06e-005,166.667,2e-007,1.09e-005,4.7e-006,
140,0.0002761,3.97e-005,166.667,2e-007,9.4e-006,4.5e-006,
141,0.0002732,3.88e-005,166.667,1e-007,3.66e-005,4.6e-006,
142,0.0003311,3.9e-005,166.667,2e-007,1.88e-005,5.2e-006,
143,0.0002878,3.96e-005,142.857,1e-007,1.12e-005,4.6e-006,
144,0.0002818,3.09e-005,200,3e-007,1.87e-005,4.9e-006,
145,0.0004146,4.09e-005,142.857,3e-007,2.54e-005,6.3e-006,
146,0.0002794,4.04e-005,166.667,2e-007,1.14e-005,4.8e-006,
147,0.000232,3.18e-005,166.667,2e-007,1.09e-005,3.9e-006,
148,0.0003672,3.85e-005,166.667,5e-007,2.04e-005,5e-006,
149,0.0003011,4.12e-005,166.667,2e-007,1.01e-005,4.5e-006,
150,0.000226,3.06e-005,166.667,1e-007,7.9e-006,3.7e-006,
151,0.0004049,6.15e-005,166.667,5e-007,2.93e-005,5.8e-006,
152,0.0003133,4.05e-005,166.667,2e-007,1.38e-005,5.2e-006,
153,0.0002269,3.15e-005,142.857,2e-007,9.1e-006,3.8e-006,
154,0.0003412,5.3e-005,200,5e-007,2.19e-005,5.6e-006,
155,0.0002821,3.99e-005,142.857,3e-007,1.33e-005,4.6e-006,
156,0.0002346,3.22e-005,166.667,3e-007,1.09e-005,3.8e-006,
157,0.0003203,0.0001075,200,8e-007,2.72e-005,4.7e-006,
158,0.000278,4.05e-005,142.857,2e-007,2.19e-005,4.6e-006,
159,0.0003049,4.3e-005,166.667,2e-007,1.23e-005,4.7e-006,
160,0.0003823,0.0001178,200,3e-007,1.93e-005,6.3e-006,
161,0.000283,3.86e-005,142.857,2e-007,1.27e-005,4.8e-006,
162,0.0002714,3.25e-005,166.667,2e-007,1.09e-005,3.9e-006,
163,0.0003692,4.02e-005,166.667,6e-007,2.65e-005,6.2e-006,
164,0.0002806,4.1e-005,166.667,2e-007,1.19e-005,4.9e-006,
165,0.0003165,3.91e-005,166.667,2e-007,1.9e-005,5e-006,
166,0.0003179,3.73e-005,166.667,3e-007,2.58e-005,5.5e-006,
167,0.0002838,3.64e-005,166.667,2e-007,1.1e-005,4.7e-006,
168,0.0002825,3.95e-005,166.667,2e-007,1.23e-005,5e-006,
169,0.0003751,4.17e-005,166.667,2e-007,2.03e-005,5.8e-006,
170,0.0002726,3.97e-005,142.857,3e-007,1.16e-005,4.7e-006,
171,0.0003074,3.86e-005,166.667,3e-007,1.11e-005,4.8e-006,
172,0.0003715,5.83e-005,200,3e-007,2.85e-005,6.3e-006,
173,0.0002828,3.81e-005,142.857,2e-007,1.24e-005,4.7e-006,
174,0.0002868,3.84e-005,166.667,4e-007,1.16e-005,4.7e-006,
175,0.0003746,5.52e-005,200,2e-007,2.07e-005,5.5e-006,
176,0.0002804,3.82e-005,142.857,1e-007,1.15e-005,4.7e-006,
177,0.0002914,3.85e-005,166.667,1e-007,1.28e-005,4.7e-006,
178,0.0003809,4.95e-005,166.667,5e-007,3.29e-005,6.2e-006,
179,0.0002754,4.01e-005,166.667,2e-007,1.02e-005,4.6e-006,
180,0.000274,3.83e-005,166.667,1e-007,1.02e-005,4.6e-006,
181,0.0003943,3.99e-005,166.667,4e-007,5.2e-005,4.8e-006,
182,0.0002735,3.9e-005,166.667,2e-007,1.02e-005,4.6e-006,
183,0.0002911,3.98e-005,166.667,1e-007,1.01e-005,4.5e-006,
184,0.0003236,3.94e-005,166.667,6e-007,2.36e-005,5.3e-006,
185,0.0002715,4e-005,166.667,1e-007,8.9e-006,4.5e-006,
186,0.0003169,4.03e-005,166.667,4e-007,9.9e-006,4.5e-006,
187,0.0003535,4.01e-005,166.667,5e-007,2.6e-005,5.9e-006,
188,0.0002827,3.91e-005,166.667,3e-007,1.21e-005,4.7e-006,
189,0.0002786,3.85e-005,142.857,2e-007,9.6e-006,4.6e-006,
190,0.0003797,5.13e-005,200,4e-007,2.7e-005,5.6e-006,
191,0.0002847,4.04e-005,142.857,2e-007,1.27e-005,4.8e-006,
192,0.000286,4.25e-005,166.667,2e-007,1.23e-005,4.6e-006,
193,0.0003595,5.44e-005,200,4e-007,2.35e-005,5.5e-006,
194,0.0002873,3.9e-005,142.857,3e-007,1.21e-005,4.8e-006,
195,0.0002827,3.86e-005,166.667,3e-007,1.13e-005,4.6e-006,
196,0.0003243,4.17e-005,166.667,7e-007,3.51e-005,6.3e-006,
197,0.0002812,3.94e-005,166.667,2e-007,1.1e-005,4.6e-006,
198,0.0002577,3.17e-005,166.667,1e-007,1.04e-005,3.8e-006,
199,0.000385,4.44e-005,166.667,6e-007,3.44e-005,6.5e-006,
200,0.0002326,3.26e-005,166.667,2e-007,1.07e-005,3.8e-006,
201,0.0002774,3.97e-005,166.667,3e-007,1.17e-005,4.7e-006,
202,0.0003179,0.0001453,166.667,4e-007,2.77e-005,5.2e-006,
203,0.0002794,3.73e-005,166.667,3e-007,1.05e-005,4.7e-006,
204,0.0002817,3.85e-005,142.857,3e-007,1.12e-005,4.8e-006,
205,0.0003586,4.19e-005,200,6e-007,2.98e-005,6.1e-006,
206,0.0002963,4.04e-005,142.857,3e-007,1.29e-005,4.7e-006,
207,0.0002821,3.92e-005,166.667,1e-007,1.12e-005,4.6e-006,
208,0.0003257,7.19e-005,200,3e-007,2.05e-005,5.2e-006,
209,0.000407,3.91e-005,142.857,3e-007,1.44e-005,5.2e-006,
210,0.0002829,3.83e-005,166.667,4e-007,1.29e-005,4.9e-006,
211,0.0003632,5.43e-005,166.667,3e-007,1.73e-005,5.6e-006,
212,0.000301,3.85e-005,166.667,2e-007,1.1e-005,4.6e-006,
213,0.0002327,3.11e-005,166.667,2e-007,1.11e-005,3.7e-006,
214,0.0002695,8.3e-005,166.667,1e-006,3.03e-005,6.3e-006,
215,0.0002819,3.91e-005,166.667,3e-007,1.14e-005,4.7e-006,
216,0.0002919,4.01e-005,142.857,3e-007,1.68e-005,5e-006,
217,0.0003443,8.01e-005,200,6e-007,3.85e-005,7.8e-006,
218,0.0003515,3.89e-005,142.857,4e-007,2.67e-005,5.6e-006,
219,0.0003259,3.92e-005,166.667,3e-007,1.4e-005,5e-006,
220,0.0002885,3.4e-005,200,6e-007,2.79e-005,5.9e-006,
221,0.0002875,4e-005,142.857,3e-007,3.54e-005,4.9e-006,
222,0.0003476,3.93e-005,166.667,7e-007,2.58e-005,5.2e-006,
223,0.0004067,5.38e-005,200,4e-007,1.69e-005,6.5e-006,
224,0.0002333,3.16e-005,142.857,3e-007,1.22e-005,4e-006,
225,0.0003137,4.02e-005,166.667,4e-007,1.38e-005,5.1e-006,
226,0.0003244,4.16e-005,166.667,2e-007,2.21e-005,5.8e-006,
227,0.0002659,3.89e-005,166.667,2e-007,1.27e-005,4.7e-006,
228,0.0002901,3.9e-005,166.667,1e-007,9.5e-006,4.6e-006,
229,0.0003732,4.07e-005,200,3e-007,2.36e-005,5.7e-006,
230,0.0003298,4.48e-005,142.857,2e-007,2.69e-005,5.9e-006,
231,0.0002833,3.99e-005,142.857,1e-007,1.2e-005,4.9e-006,
232,0.0003772,5.04e-005,200,3e-007,1.6e-005,5e-006,
233,0.0002944,4.01e-005,166.667,2e-007,1.17e-005,4.7e-006,
234,0.0002974,4.05e-005,142.857,4e-007,1.23e-005,4.7e-006,
235,0.0003958,6.19e-005,200,7e-007,1.89e-005,6.5e-006,
236,0.000301,4.04e-005,166.667,2e-007,1.03e-005,4.9e-006,
237,0.0002816,3.88e-005,142.857,2e-007,1.3e-005,4.7e-006,
238,0.000327,4.19e-005,200,2e-007,2.21e-005,5e-006,
239,0.0002944,3.86e-005,142.857,2e-007,1.19e-005,4.7e-006,
240,0.0002887,3.87e-005,166.667,2e-007,1.29e-005,4.6e-006,
241,0.0003757,0.0001187,200,7e-007,4.54e-005,6.7e-006,
242,0.0002858,4e-005,142.857,3e-007,1.22e-005,4.7e-006,
243,0.0003251,4.03e-005,166.667,7e-007,1.92e-005,5.7e-006,
244,0.0003326,4.1e-005,166.667,4e-007,2.67e-005,6.7e-006,
245,0.000321,3.93e-005,166.667,3e-007,1.18e-005,4.8e-006,
246,0.0002908,4.17e-005,166.667,2e-007,1.06e-005,4.7e-006,
247,0.0004142,4.13e-005,166.667,7e-007,2.64e-005,5.3e-006,
248,0.0002919,4.16e-005,166.667,3e-007,1.99e-005,5.4e-006,
249,0.0002982,3.98e-005,142.857,2e-007,1.16e-005,4.7e-006,
250,0.0003027,3.27e-005,200,4e-007,2.44e-005,4.7e-006,
251,0.0002877,3.12e-005,166.667,2e-007,2.24e-005,4.4e-006,
252,0.0003046,3.97e-005,142.857,3e-007,1.28e-005,5e-006,
253,0.0003271,3.16e-005,200,3e-007,1.53e-005,4.1e-006,
254,0.0002851,3.82e-005,166.667,1e-007,1.16e-005,4.7e-006,
255,0.0002841,3.86e-005,142.857,2e-007,1.2e-005,4.8e-006,
256,0.0003261,3.51e-005,200,5e-007,2.07e-005,4.5e-006,
257,0.000231,3.21e-005,142.857,2e-007,1.23e-005,4e-006,
258,0.00029,3.83e-005,166.667,3e-007,1.28e-005,4.8e-006,
259,0.0004051,4.03e-005,200,6e-007,2.43e-005,7.1e-006,
260,0.0002889,3.98e-005,142.857,3e-007,1.33e-005,4.6e-006,
261,0.0003859,0.0001496,142.857,4e-007,5.91e-005,4.5e-006,
262,0.0004012,3.86e-005,166.667,2e-007,9.8e-006,4.7e-006,
263,0.0003627,4.01e-005,166.667,4e-007,3.68e-005,6.5e-006,
264,0.0002837,3.85e-005,166.667,2e-007,1.17e-005,4.6e-006,
265,0.0003593,4.12e-005,166.667,8e-007,2.22e-005,5.5e-006,
266,0.0002928,3.97e-005,166.667,3e-007,1.24e-005,4.7e-006,
267,0.0005088,4.09e-005,166.667,6e-007,2.44e-005,5.7e-006,
268,0.0002672,3.2e-005,166.667,3e-007,1.07e-005,4.1e-006,
269,0.0004497,5.53e-005,166.667,5e-007,2.3e-005,6.4e-006,
270,0.0003216,3.93e-005,166.667,3e-007,1.16e-005,4.6e-006,
271,0.0003795,4.76e-005,166.667,8e-007,3.34e-005,5.8e-006,
272,0.0003215,3.92e-005,166.667,3e-007,2.27e-005,4.9e-006,
273,0.000372,4.74e-005,166.667,3e-007,4.24e-005,1.27e-005,
274,0.0002524,3.22e-005,166.667,4e-007,1.56e-005,4.4e-006,
275,0.0003719,3.99e-005,142.857,3e-007,1.49e-005,4.9e-006,
276,0.0002379,3.17e-005,200,4e-007,1.29e-005,4.3e-006,
277,0.0002927,3.96e-005,142.857,5e-007,1.68e-005,5.8e-006,
278,0.0002875,3.87e-005,200,3e-007,1.21e-005,4.7e-006,
279,0.0002859,3.19e-005,142.857,4e-007,1.53e-005,4.4e-006,
280,0.0002812,4.33e-005,200,6e-007,1.2e-005,4.7e-006,
281,0.0003592,4.14e-005,142.857,8e-007,2.49e-005,5.3e-006,
282,0.0003987,3.82e-005,166.667,3e-007,1.25e-005,5.1e-006,
283,0.0002771,0.0001011,166.667,5e-007,5.29e-005,4.3e-006,
284,0.0002371,3.22e-005,200,3e-007,1.1e-005,3.8e-006,
285,0.0004833,7.51e-005,142.857,7e-007,3.2e-005,5.7e-006,
286,0.0003129,3.11e-005,166.667,3e-007,1.54e-005,4.5e-006,
287,0.0003242,3.95e-005,166.667,7e-007,2.36e-005,6e-006,
288,0.0003185,3.82e-005,166.667,2e-007,1.28e-005,4.6e-006,
289,0.0003646,4.35e-005,166.667,4e-007,1.64e-005,5.4e-006,
290,0.0002887,3.99e-005,166.667,3e-007,1.4e-005,5e-006,
291,0.0002604,3.33e-005,142.857,4e-007,2.1e-005,4.9e-006,
292,0.0003243,4.17e-005,200,5e-007,2.03e-005,5.4e-006,
293,0.0003155,3.89e-005,142.857,4e-007,1.78e-005,5.6e-006,
294,0.0003129,4.1e-005,200,4e-007,1.71e-005,5.3e-006,
295,0.0002973,3.4e-005,142.857,3e-007,1.91e-005,4.5e-006,
296,0.0003006,3.99e-005,200,4e-007,1.5e-005,5e-006,
297,0.0002836,3.32e-005,142.857,3e-007,1.87e-005,4.6e-006,
298,0.0002917,4.04e-005,200,4e-007,1.47e-005,5.2e-006,
299,0.0003096,6.84e-005,142.857,8e-007,2.97e-005,6.5e-006,
300,0.0003791,6.96e-005,166.667,5e-007,3.11e-005,6.7e-006,
301,0.0003169,6.66e-005,142.857,7e-007,7.5e-005,6.1e-006,
302,0.0003974,0.0001508,166.667,7e-007,2.53e-005,4.5e-006,
303,0.0003678,0.0001581,166.667,6e-007,3.43e-005,7.2e-006,
304,0.0003965,7.12e-005,166.667,7e-007,3.9e-005,6.4e-006,
305,0.0002987,3.18e-005,166.667,4e-007,2.17e-005,4.9e-006,
306,0.0003302,4.06e-005,200,3e-007,1.19e-005,4.9e-006,
307,0.0003241,4.05e-005,142.857,5e-007,2.11e-005,5.5e-006,
308,0.0003222,5.38e-005,200,5e-007,2.78e-005,4.9e-006,
309,0.0002579,3.77e-005,142.857,4e-007,1.83e-005,5.2e-006,
310,0.0002587,3.21e-005,200,3e-007,1.69e-005,5e-006,
311,0.0002586,3.21e-005,142.857,4e-007,1.78e-005,4.4e-006,
312,0.0002957,3.97e-005,200,9e-007,1.8e-005,5.1e-006,
313,0.0004048,6.27e-005,142.857,7e-007,2.13e-005,5.8e-006,
314,0.0002915,4.54e-005,166.667,5e-007,1.9e-005,5.2e-006,
315,0.0003231,3.2e-005,166.667,3e-007,2.25e-005,5.2e-006,
316,0.0003343,4.05e-005,166.667,3e-007,1.42e-005,5e-006,
317,0.0003423,5.47e-005,166.667,4e-007,2.57e-005,6.4e-006,
318,0.0002885,4.19e-005,166.667,7e-007,1.68e-005,5.1e-006,
319,0.000347,3.33e-005,166.667,3e-007,3.02e-005,6.4e-006,
320,0.0004084,3.61e-005,166.667,2e-007,2.21e-005,5e-006,
321,0.0003615,6.5e-005,142.857,5e-007,3.45e-005,7.5e-006,
322,0.0003151,5.43e-005,200,6e-007,3.06e-005,6e-006,
323,0.0003364,8.61e-005,142.857,3e-007,2.83e-005,5.7e-006,
324,0.0003541,4.04e-005,142.857,3e-007,1.73e-005,5.1e-006,
325,0.0002651,3.22e-005,200,3e-007,1.91e-005,4.8e-006,
326,0.000297,3.01e-005,200,9e-007,2.01e-005,4.6e-006,
327,0.0003039,0.0001979,142.857,6e-007,3.73e-005,5.5e-006,
328,0.0002635,3.26e-005,166.667,5e-007,2.25e-005,5.1e-006,
329,0.00028,4.43e-005,166.667,1e-006,2.29e-005,5.5e-006,
330,0.0002719,3.29e-005,142.857,5e-007,1.86e-005,5.1e-006,
331,0.0003598,5.94e-005,200,9e-007,3.3e-005,7e-006,
332,0.0002855,3.84e-005,166.667,3e-007,1.17e-005,4.8e-006,
333,0.0002425,3.26e-005,166.667,3e-007,1.6e-005,4.1e-006,
334,0.000349,3.9e-005,200,3e-007,1.23e-005,4.7e-006,
335,0.0002492,3.23e-005,142.857,2e-007,1.71e-005,4.5e-006,
336,0.0002881,3.91e-005,200,4e-007,1.54e-005,5.2e-006,
337,0.00034,4.02e-005,142.857,2e-007,1.76e-005,5e-006,
338,0.0002841,4.01e-005,166.667,2e-007,2.06e-005,4.6e-006,
339,0.0003547,4.07e-005,166.667,2e-007,1.99e-005,5.5e-006,
340,0.0002787,3.81e-005,166.667,2e-007,1.1e-005,4.6e-006,
341,0.0002635,3.14e-005,166.667,3e-007,1.49e-005,4.1e-006,
342,0.00031,3.92e-005,166.667,3e-007,1.19e-005,4.7e-006,
343,0.0003569,3.28e-005,142.857,2e-007,1.46e-005,4.1e-006,
344,0.0002872,3.99e-005,200,2e-007,1.18e-005,4.7e-006,
345,0.0003321,4.48e-005,142.857,2e-007,1.2e-005,4.8e-006,
346,0.0004039,4.49e-005,200,3e-007,2.76e-005,5.4e-006,
347,0.0003217,3.98e-005,166.667,3e-007,1.38e-005,4.8e-006,
348,0.0005266,4.05e-005,142.857,5e-007,2.06e-005,5.4e-006,
349,0.0002908,3.86e-005,200,2e-007,1.16e-005,4.7e-006,
350,0.0002864,4.05e-005,142.857,3e-007,1.24e-005,5.2e-006,
351,0.0002745,3.29e-005,200,3e-007,2.29e-005,4.7e-006,
352,0.0003244,3.96e-005,166.667,3e-007,1.34e-005,5e-006,
353,0.0003009,3.99e-005,142.857,3e-007,1.53e-005,5.1e-006,
354,0.0002905,3.99e-005,166.667,3e-007,1.41e-005,4.8e-006,
355,0.0002231,7.68e-005,166.667,2e-007,3.12e-005,5.9e-006,
356,0.0002928,3.93e-005,166.667,3e-007,1.1e-005,4.6e-006,
357,0.0002528,2.97e-005,166.667,3e-007,1.69e-005,4.4e-006,
358,0.0002846,3.92e-005,166.667,2e-007,1.19e-005,4.7e-006,
359,0.0002948,3.65e-005,142.857,2e-007,1.67e-005,5.2e-006,
360,0.0003071,3.91e-005,200,2e-007,1.28e-005,4.9e-006,
361,0.0003264,3.63e-005,142.857,3e-007,1.65e-005,4.8e-006,
362,0.0002397,3.08e-005,200,2e-007,1.31e-005,3.9e-006,
363,0.00027,3e-005,142.857,2e-007,1.34e-005,4.1e-006,
364,0.0002895,4.01e-005,200,3e-007,1.24e-005,4.5e-006,
365,0.0003399,3.99e-005,142.857,2e-007,1.69e-005,5.1e-006,
366,0.0002858,4.04e-005,200,2e-007,1.14e-005,7e-006,
367,0.0003105,4.1e-005,142.857,3e-007,1.93e-005,4.9e-006,
368,0.0003304,4.08e-005,166.667,6e-007,2.2e-005,5e-006,
369,0.0003094,3.26e-005,200,2e-007,1.09e-005,4.1e-006,
370,0.0003181,3.72e-005,142.857,3e-007,1.9e-005,5.7e-006,
371,0.0002867,3.61e-005,142.857,3e-007,1.42e-005,4.8e-006,
372,0.0003168,3.42e-005,200,1e-007,1.22e-005,3.9e-006,
373,0.0003044,3.05e-005,166.667,5e-007,2.89e-005,5.7e-006,
374,0.0002759,3.15e-005,166.667,2e-007,1.3e-005,3.9e-006,
375,0.0004235,3.75e-005,166.667,2e-007,1.89e-005,1.81e-005,
376,0.0003458,5.14e-005,166.667,8e-007,2.23e-005,4.2e-006,
377,0.0002919,4.07e-005,166.667,3e-007,1.44e-005,5.5e-006,
378,0.0003064,3.66e-005,142.857,4e-007,1.71e-005,5e-006,
379,0.0003072,7.18e-005,200,8e-007,3.37e-005,6.3e-006,
380,0.0003701,5.73e-005,166.667,3e-007,2.64e-005,6.7e-006,
381,0.0003502,4.08e-005,142.857,3e-007,1.79e-005,5e-006,
382,0.000287,4.04e-005,200,2e-007,5.09e-005,5e-006,
383,0.0003857,3.16e-005,142.857,1e-007,1.28e-005,3.9e-006,
384,0.0004012,4.15e-005,200,4e-007,2.63e-005,6.1e-006,
385,0.0002377,2.98e-005,142.857,3e-007,1.28e-005,4.2e-006,
386,0.0002965,3.93e-005,166.667,4e-007,1.5e-005,5e-006,
387,0.0005886,4.04e-005,200,9e-007,2.11e-005,6e-006,
388,0.0003058,3.15e-005,142.857,5e-007,1.53e-005,4.1e-006,
389,0.0002483,3.29e-005,166.667,2e-007,1.25e-005,3.9e-006,
390,0.0003703,4.03e-005,166.667,8e-007,1.83e-005,5.8e-006,
391,0.0002738,3.3e-005,166.667,5e-007,1.82e-005,4.9e-006,
392,0.0003106,3.97e-005,125,4e-007,1.62e-005,5.1e-006,
393,0.0003032,0.0001034,250,5e-007,3.37e-005,7e-006,
394,0.0002445,3.6e-005,142.857,2e-007,1.54e-005,4.6e-006,
395,0.0002932,3.9e-005,166.667,3e-007,1.49e-005,4.9e-006,
396,0.0003586,5.84e-005,200,4e-007,2.97e-005,5.8e-006,
397,0.0003088,4.1e-005,142.857,2e-007,1.66e-005,5e-006,
398,0.00029,4.06e-005,166.667,1e-007,1.47e-005,5e-006,
399,0.0003826,5.68e-005,200,3e-007,2.22e-005,6.2e-006,
400,0.0002982,3.99e-005,142.857,5e-007,1.66e-005,4.9e-006,
401,0.0003226,4.06e-005,166.667,3e-007,1.63e-005,5e-006,
402,0.0002885,3.42e-005,166.667,6e-007,1.87e-005,5e-006,
403,0.0002845,3.98e-005,166.667,3e-007,1.33e-005,4.7e-006,
404,0.0003271,3.27e-005,166.667,4e-007,1.51e-005,4.7e-006,
405,0.0003035,3.64e-005,166.667,8e-007,3.44e-005,5.2e-006,
406,0.0003787,7.88e-005,166.667,5e-007,1.53e-005,4.9e-006,
407,0.0002502,3.22e-005,142.857,4e-007,1.46e-005,4.1e-006,
408,0.0003816,0.0001516,200,5e-007,2.89e-005,7.6e-006,
409,0.0003085,3.69e-005,166.667,3e-007,1.54e-005,4.1e-006,
410,0.0003023,4.01e-005,142.857,4e-007,1.54e-005,4.9e-006,
411,0.0003753,5.47e-005,200,5e-007,3.01e-005,5.2e-006,
412,0.0002995,4.34e-005,166.667,4e-007,1.68e-005,5.6e-006,
413,0.0003079,3.94e-005,142.857,3e-007,1.62e-005,5e-006,
414,0.0003531,5.55e-005,200,4e-007,2.9e-005,5.5e-006,
415,0.0003064,4.04e-005,142.857,5e-007,1.73e-005,5.3e-006,
416,0.0003035,4.13e-005,166.667,4e-007,1.62e-005,5.2e-006,
417,0.0003662,4.27e-005,200,7e-007,3.07e-005,6.7e-006,
418,0.0002514,3.24e-005,142.857,4e-007,1.55e-005,4.4e-006,
419,0.000311,3.96e-005,166.667,3e-007,1.64e-005,4.9e-006,
420,0.0002969,3.28e-005,166.667,3e-007,2.01e-005,4.9e-006,
421,0.0003661,4.03e-005,166.667,5e-007,2.66e-005,5.8e-006,
422,0.0003257,3.99e-005,142.857,3e-007,1.32e-005,5.3e-006,
423,0.0003709,4.11e-005,200,3e-007,2.77e-005,5.7e-006,
424,0.0003537,4.58e-005,166.667,4e-007,1.84e-005,5.7e-006,
425,0.0003352,4.08e-005,142.857,2e-007,1.5e-005,5.1e-006,
426,0.0003036,3.29e-005,200,7e-007,2.77e-005,5.6e-006,
427,0.0003556,3.24e-005,166.667,3e-007,1.89e-005,4.7e-006,
428,0.000243,3.47e-005,142.857,3e-007,1.58e-005,4.1e-006,
429,0.0003724,4.35e-005,200,6e-007,2.8e-005,7.5e-006,
430,0.0003095,4e-005,166.667,3e-007,1.72e-005,5.6e-006,
431,0.0002938,3.67e-005,142.857,2e-007,1.47e-005,5.1e-006,
432,0.0003451,5.76e-005,200,3e-007,2.6e-005,6.3e-006,
433,0.0003552,4.04e-005,142.857,6e-007,2.01e-005,5.4e-006,
434,0.0002997,3.99e-005,166.667,3e-007,1.76e-005,5.2e-006,
435,0.0003285,7.14e-005,200,5e-007,3.64e-005,7.4e-006,
436,0.0002979,4.13e-005,142.857,5e-007,1.82e-005,5.3e-006,
437,0.0003129,4.56e-005,166.667,4e-007,1.61e-005,4.9e-006,
438,0.0002905,0.000145,166.667,1.2e-006,2.62e-005,4.37e-005,
439,0.0003063,4.09e-005,166.667,4e-007,1.47e-005,5.3e-006,
440,0.0002534,3.22e-005,166.667,3e-007,1.66e-005,4.3e-006,
441,0.0004435,5.74e-005,166.667,7e-007,2.72e-005,5.4e-006,
442,0.0002325,3.22e-005,166.667,3e-007,1.09e-005,3.6e-006,
443,0.0002968,4.32e-005,166.667,3e-007,1.46e-005,6.4e-006,
444,0.0003486,3.92e-005,166.667,4e-007,2.47e-005,5.7e-006,
445,0.0003039,5.33e-005,166.667,2e-007,1.4e-005,5.5e-006,
446,0.0003128,3.94e-005,142.857,2e-007,1.25e-005,5e-006,
447,0.0003172,4.59e-005,200,5e-007,2.53e-005,5e-006,
448,0.0003429,3.83e-005,166.667,3e-007,1.57e-005,4.6e-006,
449,0.0002946,3.99e-005,142.857,3e-007,1.32e-005,4.7e-006,
450,0.0003666,5.59e-005,200,9e-007,2.97e-005,5.8e-006,
451,0.0003605,4.18e-005,142.857,3e-007,2.97e-005,5.6e-006,
452,0.0003144,4.02e-005,166.667,2e-007,1.57e-005,4.9e-006,
453,0.0003098,5.78e-005,166.667,5e-007,3.01e-005,6.1e-006,
454,0.0003118,3.97e-005,166.667,2e-007,1.22e-005,4.6e-006,
455,0.000284,4.04e-005,166.667,2e-007,1.04e-005,4.6e-006,
456,0.0003767,0.0001356,200,3e-007,1.87e-005,5.7e-006,
457,0.0002403,3.22e-005,142.857,1e-007,1.21e-005,3.7e-006,
458,0.0002782,4.07e-005,166.667,2e-007,1.41e-005,4.7e-006,
459,0.0004623,6.39e-005,166.667,6e-007,3.75e-005,6.5e-006,
460,0.0002952,4.01e-005,142.857,2e-007,1.28e-005,5.1e-006,
461,0.0003036,3.94e-005,166.667,2e-007,1.66e-005,5.1e-006,
462,0.0003994,5.62e-005,200,4e-007,2.98e-005,6.2e-006,
463,0.0002501,4.62e-005,166.667,2e-007,4.35e-005,3.7e-006,
464,0.0003195,3.98e-005,142.857,3e-007,1.73e-005,5.7e-006,
465,0.0003706,5.58e-005,200,3e-007,2.21e-005,5.8e-006,
466,0.0002838,3.48e-005,142.857,4e-007,2.3e-005,4.9e-006,
467,0.000322,4.09e-005,166.667,2e-007,1.5e-005,5.2e-006,
468,0.0003719,5.32e-005,200,2e-007,1.77e-005,4.9e-006,
469,0.000304,3.98e-005,142.857,3e-007,1.59e-005,4.9e-006,
470,0.0002895,9.57e-005,166.667,3e-007,1.85e-005,8.4e-006,
471,0.0003947,5.54e-005,166.667,4e-007,3.27e-005,7e-006,
472,0.0003225,5.97e-005,166.667,6e-007,2.4e-005,6.4e-006,
473,0.0002438,3.58e-005,142.857,4e-007,1.13e-005,4.3e-006,
474,0.000255,0.0001559,200,5e-007,6.27e-005,7.4e-006,
475,0.0003028,3.97e-005,142.857,5e-007,1.67e-005,5.3e-006,
476,0.0002984,3.9e-005,166.667,1e-007,1.33e-005,4.7e-006,
477,0.0003382,3.83e-005,200,8e-007,3.27e-005,6.4e-006,
478,0.0002791,3.74e-005,166.667,3e-007,1.41e-005,5.4e-006,
479,0.0002491,3.26e-005,142.857,2e-007,1.4e-005,4e-006,
480,0.0003113,4.31e-005,200,4e-007,3.43e-005,6.9e-006,
481,0.0002812,3.92e-005,166.667,3e-007,1.39e-005,5e-006,
482,0.0002547,3.34e-005,142.857,3e-007,1.57e-005,4.8e-006,
483,0.0003657,5.43e-005,200,3e-007,2.69e-005,6.2e-006,
484,0.0002456,3.08e-005,142.857,3e-007,1.21e-005,4.2e-006,
485,0.0003099,4.02e-005,166.667,2e-007,1.21e-005,4.9e-006,
486,0.0003689,4.27e-005,200,4e-007,2.69e-005,6.1e-006,
487,0.0003453,4.08e-005,142.857,4e-007,2.07e-005,5.7e-006,
488,0.0003025,4.06e-005,166.667,2e-007,1.23e-005,4.9e-006,
489,0.0003885,7e-005,166.667,6e-007,2.97e-005,6.4e-006,
490,0.0003408,4.01e-005,166.667,3e-007,1.56e-005,5e-006,
491,0.0003511,3.81e-005,142.857,2e-007,1.73e-005,5.1e-006,
492,0.0003214,7.77e-005,200,4e-007,3.56e-005,6.6e-006,
493,0.0003251,3.62e-005,142.857,3e-007,1.4e-005,4.5e-006,
494,0.0002987,3.9e-005,166.667,3e-007,1.94e-005,5.2e-006,
495,0.0003006,6.35e-005,200,8e-007,3e-005,6.9e-006,
496,0.00029,3.7e-005,166.667,5e-007,1.58e-005,5.1e-006,
497,0.0002951,3.96e-005,142.857,3e-007,1.73e-005,5.1e-006,
498,0.0003574,6.63e-005,200,3e-007,3.1e-005,5.6e-006,
499,0.0002895,4.12e-005,142.857,4e-007,1.71e-005,5.4e-006,
500,0.0002919,4.15e-005,166.667,1e-007,1.37e-005,5e-006,
501,0.000327,5.37e-005,200,7e-007,2.87e-005,5.3e-006,
502,0.0002879,3.98e-005,142.857,2e-007,1.47e-005,4.8e-006,
503,0.0002733,3.36e-005,166.667,5e-007,2.13e-005,5.2e-006,
504,0.000389,7.66e-005,166.667,7e-007,3.02e-005,5.2e-006,
505,0.0002952,4.04e-005,166.667,4e-007,1.94e-005,5.6e-006,
506,0.0002432,3.83e-005,166.667,4e-007,1.33e-005,4.3e-006,
507,0.0003569,5.78e-005,166.667,3e-007,2.9e-005,6.1e-006,
508,0.0002855,3.9e-005,166.667,2e-007,1.2e-005,4.8e-006,
509,0.0003224,3.96e-005,166.667,3e-007,1.46e-005,4.9e-006,
510,0.0003128,0.0001004,166.667,8e-007,5.36e-005,7.9e-006,
511,0.000277,3.95e-005,166.667,2e-007,1.48e-005,5.2e-006,
512,0.0002962,3.88e-005,166.667,4e-007,1.37e-005,4.9e-006,
513,0.0003526,5.74e-005,166.667,8e-007,2.92e-005,5.8e-006,
514,0.0003435,4.09e-005,142.857,3e-007,1.46e-005,5.1e-006,
515,0.0002834,4.05e-005,166.667,2e-007,1.34e-005,4.8e-006,
516,0.000375,5.71e-005,200,4e-007,1.7e-005,5.9e-006,
517,0.000239,3.18e-005,142.857,3e-007,1.26e-005,4.2e-006,
518,0.0003091,4.03e-005,166.667,3e-007,1.33e-005,4.7e-006,
519,0.000332,4.54e-005,200,7e-007,3.48e-005,6.9e-006,
520,0.0002827,4.04e-005,142.857,3e-007,1.24e-005,4.6e-006,
521,0.0003221,4.07e-005,166.667,3e-007,1.65e-005,5.2e-006,
522,0.0002935,4.92e-005,166.667,5e-007,3.31e-005,6.3e-006,
523,0.0002925,4.02e-005,166.667,2e-007,1.31e-005,4.8e-006,
524,0.000237,3.58e-005,142.857,1e-007,1.4e-005,4.2e-006,
525,0.000375,4.58e-005,200,3e-007,3.49e-005,6.3e-006,
526,0.0003294,3.72e-005,166.667,3e-007,2.3e-005,5.6e-006,
527,0.0003764,5.4e-005,142.857,1.1e-006,3.42e-005,6.5e-006,
528,0.0004352,8.75e-005,200,4e-007,3.18e-005,7.3e-006,
529,0.0002374,3.4e-005,142.857,2e-007,1.34e-005,4e-006,
530,0.0004851,4.07e-005,166.667,3e-007,1.62e-005,4.8e-006,
531,0.0003901,6.24e-005,200,6e-007,2.83e-005,6.9e-006,
532,0.0002771,3.91e-005,142.857,3e-007,1.47e-005,5.5e-006,
533,0.0002959,4.01e-005,166.667,5e-007,1.42e-005,5.2e-006,
534,0.0003873,4.75e-005,200,1.5e-006,3.22e-005,6.6e-006,
535,0.0003004,4.89e-005,142.857,3e-007,1.54e-005,5.7e-006,
536,0.0003,3.93e-005,166.667,6e-007,1.5e-005,5.3e-006,
537,0.0003152,6.14e-005,166.667,7e-007,2.96e-005,6.7e-006,
538,0.0003093,4.13e-005,166.667,8e-007,1.99e-005,6.4e-006,
539,0.0003705,6.26e-005,166.667,6e-007,1.86e-005,6.1e-006,
540,0.0003281,6.11e-005,166.667,9e-007,3.18e-005,6.9e-006,
541,0.0003038,4.24e-005,166.667,4e-007,1.65e-005,5.9e-006,
542,0.0003002,5.26e-005,142.857,4e-007,2.51e-005,4.7e-006,
543,0.0003776,5.83e-005,200,7e-007,3.09e-005,6.7e-006,
544,0.0003641,0.000176,166.667,7e-007,8.75e-005,6.5e-006,
545,0.0003332,3.94e-005,142.857,3e-007,1.39e-005,4.9e-006,
546,0.0003208,6.87e-005,200,7e-007,3.67e-005,7.8e-006,
547,0.0003721,3.65e-005,142.857,4e-007,1.83e-005,6e-006,
548,0.0003357,4.01e-005,166.667,3e-007,2.56e-005,5.7e-006,
549,0.0004155,7.26e-005,200,7e-007,3.1e-005,6.1e-006,
550,0.0003515,3.92e-005,142.857,2e-007,1.32e-005,4.8e-006,
551,0.000248,2.9e-005,166.667,2e-007,1.49e-005,4.3e-006,
552,0.0003345,6.53e-005,200,7e-007,3.3e-005,7.7e-006,
553,0.0003385,4.03e-005,125,2e-007,1.42e-005,5.2e-006,
554,0.0002896,3.91e-005,200,2e-007,1.35e-005,5.1e-006,
555,0.0003184,6.64e-005,166.667,6e-007,3.57e-005,6.9e-006,
556,0.0002922,4.19e-005,166.667,2e-007,1.57e-005,5.3e-006,
557,0.0002467,3.14e-005,166.667,2e-007,1.47e-005,4.3e-006,
558,0.0003512,5.88e-005,166.667,4e-007,4.78e-005,6.6e-006,
559,0.0002911,4.03e-005,166.667,3e-007,1.22e-005,5.3e-006,
560,0.0003317,3.69e-005,142.857,4e-007,2.01e-005,5.7e-006,
561,0.0003434,3.95e-005,200,4e-007,3.34e-005,5.4e-006,
562,0.000344,3.28e-005,142.857,8e-007,2.02e-005,5.2e-006,
563,0.0003632,4.38e-005,166.667,9e-007,3.2e-005,6.6e-006,
564,0.0002907,3.29e-005,166.667,4e-007,1.73e-005,4.5e-006,
565,0.0002858,3.99e-005,200,3e-007,1.24e-005,4.8e-006,
566,0.0002891,4.09e-005,142.857,3e-007,1.25e-005,5e-006,
567,0.0003548,4.03e-005,200,9e-007,2.13e-005,5.1e-006,
568,0.000426,7.99e-005,142.857,8e-007,3.36e-005,6.7e-006,
569,0.0002971,4.12e-005,142.857,3e-007,1.09e-005,4.6e-006,
570,0.0003573,4.57e-005,250,4e-007,2.9e-005,6.5e-006,
571,0.0002786,3.94e-005,142.857,3e-007,1.08e-005,4.6e-006,
572,0.0002976,3.94e-005,166.667,2e-007,1e-005,4.6e-006,
573,0.0003379,3.1e-005,200,8e-007,1.97e-005,4.2e-006,
574,0.0003508,4.13e-005,142.857,6e-007,1.95e-005,5.5e-006,
575,0.0002989,4.14e-005,142.857,3e-007,2.08e-005,4.9e-006,
576,0.0003202,3.95e-005,200,1e-007,1.16e-005,4.6e-006,
577,0.0002862,3.87e-005,166.667,3e-007,1.11e-005,4.6e-006,
578,0.0003108,6.45e-005,166.667,4e-007,1.89e-005,4.3e-006,
579,0.0003282,4e-005,166.667,1e-007,1.01e-005,4.8e-006,
580,0.0002776,3.95e-005,142.857,2e-007,1.16e-005,4.6e-006,
581,0.0002992,3.43e-005,200,5e-007,1.54e-005,5.2e-006,
582,0.0002509,3.39e-005,166.667,3e-007,1.1e-005,3.7e-006,
583,0.0002875,4.01e-005,142.857,1e-007,1.24e-005,4.5e-006,
584,0.000301,4.1e-005,200,3e-007,2.21e-005,5.2e-006,
585,0.0002803,4.01e-005,142.857,3e-007,1.05e-005,4.6e-006,
586,0.0002884,4.06e-005,166.667,4e-007,1.2e-005,4.6e-006,
587,0.0002891,3.94e-005,200,6e-007,1.86e-005,5e-006,
588,0.000237,3.21e-005,142.857,2e-007,1.01e-005,3.7e-006,
589,0.0003032,4.01e-005,166.667,3e-007,1.1e-005,4.8e-006,
590,0.0003484,4.27e-005,166.667,4e-007,1.33e-005,5e-006,
591,0.0003095,4.09e-005,166.667,3e-007,1.77e-005,5.1e-006,
592,0.000295,3.89e-005,166.667,1e-007,1.29e-005,4.7e-006,
593,0.0003087,4.11e-005,166.667,2e-007,1.74e-005,4.9e-006,
594,0.0002774,3.93e-005,166.667,2e-007,1.06e-005,4.7e-006,
595,0.0002802,3.16e-005,166.667,2e-007,9.6e-006,3.8e-006,
596,0.0003349,3.94e-005,166.667,3e-007,2.02e-005,5.1e-006,
597,0.000268,3.9e-005,166.667,1e-007,1.06e-005,4.6e-006,
598,0.0002747,4.09e-005,166.667,2e-007,8.8e-006,4.8e-006,
599,0.0003782,6.62e-005,166.667,6e-007,3.15e-005,5.9e-006,
600,0.0002944,3.98e-005,166.667,2e-007,9.2e-006,4.7e-006,
601,0.0002497,6.97e-005,142.857,2e-007,9e-006,3.9e-006,
602,0.0003564,3.9e-005,200,4e-007,2.24e-005,5.7e-006,
603,0.0002788,3.98e-005,142.857,3e-007,1.02e-005,4.6e-006,
604,0.0003036,4.03e-005,166.667,2e-007,1.11e-005,4.9e-006,
605,0.0002842,4.1e-005,200,5e-007,1.98e-005,5.6e-006,
606,0.0002315,3.14e-005,142.857,2e-007,1e-005,3.7e-006,
607,0.0002841,3.84e-005,166.667,1e-007,1.14e-005,4.8e-006,
608,0.0003135,3.28e-005,166.667,6e-007,1.83e-005,4.1e-006,
609,0.0002762,3.98e-005,166.667,2e-007,1.03e-005,4.5e-006,
610,0.0003009,4.02e-005,166.667,2e-007,1.2e-005,4.6e-006,
611,0.0003155,3.5e-005,166.667,2e-007,1.84e-005,4.2e-006,
612,0.0002823,4.05e-005,166.667,2e-007,1.1e-005,4.7e-006,
613,0.0002818,4.04e-005,166.667,2e-007,9.8e-006,4.5e-006,
614,0.0003291,3.97e-005,166.667,2e-007,1.38e-005,5.1e-006,
615,0.0002386,3.35e-005,166.667,3e-007,1.15e-005,4.5e-006,
616,0.0002936,3.98e-005,142.857,3e-007,1.03e-005,4.6e-006,
617,0.0002778,3.2e-005,200,4e-007,2.17e-005,5.1e-006,
618,0.0003194,4.19e-005,166.667,2e-007,1.13e-005,4.6e-006,
619,0.0002325,3.07e-005,142.857,1e-007,9e-006,3.7e-006,
620,0.0003717,5.65e-005,200,5e-007,1.85e-005,6.3e-006,
621,0.0003159,4.08e-005,142.857,2e-007,1.08e-005,4.8e-006,
622,0.0002848,3.8e-005,166.667,2e-007,1.07e-005,4.7e-006,
623,0.0003606,4.03e-005,200,4e-007,2.15e-005,6.8e-006,
624,0.0002834,3.91e-005,142.857,1e-007,1.13e-005,4.7e-006,
625,0.000288,3.91e-005,166.667,2e-007,9.51e-005,4.7e-006,
626,0.0002656,3.27e-005,166.667,5e-007,2.12e-005,4.5e-006,
627,0.0002763,4.02e-005,166.667,1e-007,1.04e-005,4.5e-006,
628,0.0002814,3.9e-005,166.667,1e-007,1.11e-005,4.7e-006,
629,0.0003316,4.23e-005,166.667,5e-007,2.1e-005,5.1e-006,
630,0.0002785,4.01e-005,166.667,2e-007,1.08e-005,4.8e-006,
631,0.0003051,3.85e-005,142.857,1e-007,1e-005,1.46e-005,
632,0.0003387,4.04e-005,200,2e-007,1.87e-005,5.5e-006,
633,0.0002857,4.14e-005,166.667,4e-007,1.3e-005,5e-006,
634,0.0002878,3.98e-005,142.857,2e-007,1.2e-005,5e-006,
635,0.0003401,4.06e-005,200,4e-007,2.46e-005,6.1e-006,
636,0.000282,4.46e-005,166.667,3e-007,1.13e-005,4.6e-006,
637,0.000278,3.99e-005,142.857,3e-007,1.31e-005,4.7e-006,
638,0.0004034,5.16e-005,200,3e-007,2.56e-005,5.9e-006,
639,0.0003059,4.01e-005,142.857,2e-007,1.08e-005,4.8e-006,
640,0.0002332,3e-005,166.667,3e-007,1.12e-005,3.7e-006,
641,0.0004077,5.98e-005,166.667,3e-007,2.13e-005,6e-006,
642,0.0003058,3.69e-005,166.667,2e-007,1.04e-005,3.8e-006,
643,0.0002788,3.95e-005,166.667,1e-007,9.8e-006,4.6e-006,
644,0.0002932,0.000166,166.667,3e-007,2.06e-005,6.1e-006,
645,0.0003379,4.08e-005,166.667,2e-007,1.12e-005,4.6e-006,
646,0.0002405,3.19e-005,166.667,2e-007,1.05e-005,4e-006,
647,0.0002686,3.06e-005,166.667,1e-007,2.1e-005,3.9e-006,
648,0.0002797,4.03e-005,166.667,2e-007,1.04e-005,4.7e-006,
649,0.0002854,4.27e-005,142.857,2e-007,1.05e-005,2.3e-005,
650,0.0002954,3.26e-005,200,4e-007,2.1e-005,4.4e-006,
651,0.0002889,3.69e-005,166.667,3e-007,1.28e-005,4.8e-006,
652,0.0003014,4.04e-005,142.857,1e-007,1.22e-005,4.5e-006,
653,0.0003593,5.67e-005,200,6e-007,2.58e-005,6e-006,
654,0.0002821,3.95e-005,142.857,3e-007,1.08e-005,4.6e-006,
655,0.0003034,3.98e-005,166.667,3e-007,1.06e-005,4.6e-006,
656,0.0002843,3.38e-005,200,3e-007,2.25e-005,4.2e-006,
657,0.0002752,3.93e-005,142.857,3e-007,1.18e-005,4.6e-006,
658,0.0002831,4.03e-005,166.667,2e-007,1.21e-005,4.7e-006,
659,0.0003524,7.31e-005,166.667,5e-007,2.44e-005,4.4e-006,
660,0.0002971,3.92e-005,166.667,2e-007,1.02e-005,4.5e-006,
661,0.0002843,3.9e-005,166.667,2e-007,1.1e-005,4.5e-006,
662,0.0003606,4.14e-005,166.667,2e-007,2.54e-005,6.7e-006,
663,0.000297,3.26e-005,166.667,3e-007,9.3e-006,3.7e-006,
664,0.0002449,3.23e-005,142.857,3e-007,8.9e-006,3.7e-006,
665,0.0003441,5.67e-005,200,3e-007,2.51e-005,6.1e-006,
666,0.0002879,3.9e-005,142.857,3e-007,1.25e-005,4.9e-006,
667,0.0002869,4.07e-005,166.667,3e-007,1.22e-005,5.3e-006,
668,0.0003249,6.16e-005,200,4e-007,3.43e-005,7.2e-006,
669,0.0002351,3.21e-005,142.857,2e-007,1.16e-005,3.9e-006,
670,0.0002714,3.35e-005,166.667,2e-007,1.56e-005,4.5e-006,
671,0.0003051,0.0001544,200,5e-007,2.54e-005,5.9e-006,
672,0.0003125,4.06e-005,142.857,4e-007,2e-005,5.4e-006,
673,0.000311,3.94e-005,166.667,1e-007,1.42e-005,5.1e-006,
674,0.0003178,0.0001549,166.667,6e-007,1.96e-005,5.2e-006,
675,0.0002807,3.92e-005,166.667,2e-007,1.05e-005,4.6e-006,
676,0.0002976,3.18e-005,166.667,2e-007,2.91e-005,3.9e-006,
677,0.0004041,4.17e-005,166.667,5e-007,2.18e-005,6.2e-006,
678,0.0002733,3.97e-005,166.667,1e-007,9.5e-006,4.6e-006,
679,0.000298,4.03e-005,166.667,2e-007,1.19e-005,4.7e-006,
680,0.0003438,5.23e-005,166.667,4e-007,2.49e-005,5.3e-006,
681,0.0003306,3.96e-005,166.667,3e-007,1.1e-005,4.6e-006,
682,0.000231,3.2e-005,142.857,3e-007,9.3e-006,3.9e-006,
683,0.0003759,5.52e-005,200,5e-007,2.04e-005,2.58e-005,
684,0.0002384,3.28e-005,142.857,2e-007,1.13e-005,4e-006,
685,0.0003042,3.69e-005,166.667,6e-007,1.34e-005,4.8e-006,
686,0.0003437,5.31e-005,200,3e-007,2.64e-005,6e-006,
687,0.0002295,3.36e-005,142.857,3e-007,1.1e-005,3.8e-006,
688,0.0002813,3.9e-005,166.667,2e-007,1.08e-005,4.6e-006,
689,0.0003235,3.3e-005,200,4e-007,2.14e-005,4.2e-006,
690,0.0002307,3.18e-005,142.857,2e-007,1.1e-005,3.8e-006,
691,0.000283,3.98e-005,166.667,2e-007,1.16e-005,4.6e-006,
692,0.0004441,4.24e-005,166.667,3e-007,1.6e-005,6e-006,
693,0.0002876,3.29e-005,166.667,4e-007,2.26e-005,4.9e-006,
694,0.0002922,3.95e-005,142.857,2e-007,9.4e-006,4.8e-006,
695,0.0003954,6.08e-005,200,7e-007,3.27e-005,6.1e-006,
696,0.000282,4.04e-005,166.667,3e-007,1.15e-005,4.8e-006,
697,0.0002846,4.07e-005,142.857,2e-007,1.28e-005,5e-006,
698,0.0003971,7.84e-005,200,1e-006,2.93e-005,8.1e-006,
699,0.0003649,4.05e-005,142.857,2e-007,1.08e-005,4.6e-006,
700,0.0002777,4.05e-005,166.667,3e-007,1.11e-005,4.6e-006,
701,0.000365,0.0001522,200,8e-007,2.61e-005,5.4e-006,
702,0.0003149,4.32e-005,142.857,2e-007,1.21e-005,5.2e-006,
703,0.000278,3.9e-005,166.667,3e-007,1.1e-005,4.6e-006,
704,0.0003786,7.24e-005,200,2e-007,3.38e-005,6.6e-006,
705,0.000281,4.25e-005,142.857,2e-007,1.22e-005,4.7e-006,
706,0.0002913,4.06e-005,166.667,3e-007,1.44e-005,5e-006,
707,0.0003334,6.37e-005,166.667,5e-007,3.58e-005,7e-006,
708,0.0002752,4.06e-005,166.667,2e-007,1.02e-005,4.7e-006,
709,0.0002789,3.91e-005,166.667,2e-007,1.02e-005,4.5e-006,
710,0.0003208,6.27e-005,166.667,2e-007,3.36e-005,6.8e-006,
711,0.0002886,4.05e-005,166.667,2e-007,1.14e-005,4.7e-006,
712,0.0002804,4.03e-005,166.667,2e-007,1.15e-005,4.7e-006,
713,0.0004729,6.82e-005,166.667,2e-007,4.3e-005,6.1e-006,
714,0.0002801,4.03e-005,166.667,5e-007,1.09e-005,4.7e-006,
715,0.0002817,3.92e-005,142.857,1e-007,1.02e-005,4.6e-006,
716,0.0003489,4.16e-005,200,8e-007,2.9e-005,6.6e-006,
717,0.0002957,3.93e-005,166.667,1e-007,1.29e-005,5.1e-006,
718,0.0002902,3.87e-005,142.857,2e-007,1.31e-005,4.8e-006,
719,0.0003666,5.96e-005,200,4e-007,2.2e-005,6e-006,
720,0.0003028,3.98e-005,142.857,2e-007,1.08e-005,5e-006,
721,0.0002847,3.65e-005,166.667,2e-007,1.28e-005,5e-006,
722,0.0003672,4.04e-005,166.667,3e-007,2.39e-005,5.2e-006,
723,0.000304,3.89e-005,166.667,2e-007,1.19e-005,4.8e-006,
724,0.0002775,3.86e-005,166.667,2e-007,9.9e-006,4.7e-006,
725,0.0002963,3.94e-005,166.667,7e-007,2.76e-005,5.2e-006,
726,0.00031,3.95e-005,142.857,2e-007,1.09e-005,4.7e-006,
727,0.0002965,3.97e-005,200,2e-007,1.43e-005,5.3e-006,
728,0.000381,4.08e-005,166.667,3e-007,1.93e-005,5.4e-006,
729,0.000281,3.9e-005,166.667,2e-007,1.2e-005,4.8e-006,
730,0.000249,3.26e-005,142.857,2e-007,1.53e-005,4.2e-006,
731,0.0003781,4.09e-005,200,6e-007,2.27e-005,7.4e-006,
732,0.0003065,3.94e-005,142.857,3e-007,1.6e-005,5e-006,
733,0.000286,3.22e-005,166.667,3e-007,1.58e-005,4.6e-006,
734,0.0003749,4.18e-005,166.667,3e-007,2.44e-005,5.9e-006,
735,0.0002351,3.22e-005,166.667,2e-007,1.09e-005,4.2e-006,
736,0.0002937,3.99e-005,166.667,2e-007,1.06e-005,4.7e-006,
737,0.000338,4.2e-005,200,4e-007,2.57e-005,5.7e-006,
738,0.00029,4.06e-005,142.857,2e-007,1.25e-005,4.6e-006,
739,0.0002796,3.89e-005,166.667,1e-007,1.36e-005,4.7e-006,
740,0.000295,3.34e-005,166.667,3e-007,2.3e-005,4.8e-006,
741,0.0002609,4.09e-005,166.667,1e-007,9.5e-006,4.6e-006,
742,0.0002256,3.21e-005,166.667,1e-007,1.12e-005,3.7e-006,
743,0.0003228,4.12e-005,166.667,6e-007,2.43e-005,4e-006,
744,0.0002781,4.1e-005,166.667,3e-007,1.07e-005,4.6e-006,
745,0.0002943,3.94e-005,142.857,4e-007,1.35e-005,4.8e-006,
746,0.0003375,3.23e-005,200,4e-007,2.14e-005,4.3e-006,
747,0.0002328,3.13e-005,142.857,3e-007,1.13e-005,3.9e-006,
748,0.0002968,3.95e-005,166.667,2e-007,1.51e-005,4.9e-006,
749,0.0003202,3e-005,200,4e-007,3.75e-005,4.5e-006,
750,0.0002878,3.94e-005,142.857,2e-007,1.18e-005,4.6e-006,
751,0.0002828,4.03e-005,166.667,2e-007,1.15e-005,4.5e-006,
752,0.0003751,4.05e-005,200,3e-007,1.95e-005,5.7e-006,
753,0.0002411,3.28e-005,142.857,2e-007,1.22e-005,4e-006,
754,0.0002594,3.21e-005,166.667,2e-007,9.3e-006,3.8e-006,
755,0.0003648,4.31e-005,200,3e-007,2.15e-005,5.7e-006,
756,0.0002873,4.01e-005,142.857,2e-007,1.18e-005,4.5e-006,
757,0.0003023,3.87e-005,166.667,3e-007,1.17e-005,5.1e-006,
758,0.0002852,3.32e-005,166.667,4e-007,2.25e-005,4.7e-006,
759,0.0002829,4.06e-005,166.667,2e-007,1.15e-005,4.8e-006,
760,0.0002835,4.13e-005,166.667,2e-007,1.18e-005,4.7e-006,
761,0.0003069,3.3e-005,166.667,2e-007,2.07e-005,4.9e-006,
762,0.000298,4.07e-005,166.667,1e-007,1.1e-005,4.5e-006,
763,0.0002761,4.05e-005,142.857,2e-007,9.2e-006,4.5e-006,
764,0.0003173,5.9e-005,200,4e-007,2.81e-005,5.8e-006,
765,0.0002845,3.98e-005,142.857,3e-007,1.28e-005,5.2e-006,
766,0.0002869,4.07e-005,166.667,3e-007,1.19e-005,5e-006,
767,0.0002762,0.0002268,200,4e-007,4.43e-005,4.8e-006,
768,0.0002783,3.89e-005,142.857,2e-007,1.18e-005,4.8e-006,
769,0.0002385,3.23e-005,166.667,2e-007,1.35e-005,4.1e-006,
770,0.000268,3.41e-005,200,6e-007,1.87e-005,4.4e-006,
771,0.0002796,4e-005,142.857,3e-007,1.19e-005,5e-006,
772,0.0002826,4.03e-005,166.667,3e-007,1.09e-005,4.6e-006,
773,0.000348,4.03e-005,200,3e-007,1.9e-005,5.9e-006,
774,0.0002885,4.09e-005,142.857,2e-007,1.34e-005,5.1e-006,
775,0.0002396,3.26e-005,166.667,3e-007,1.01e-005,3.9e-006,
776,0.0003679,5.4e-005,166.667,4e-007,1.82e-005,2.54e-005,
777,0.0002773,3.93e-005,166.667,2e-007,1.03e-005,4.5e-006,
778,0.0002455,3.24e-005,166.667,1e-007,1e-005,3.8e-006,
779,0.0003487,4.09e-005,166.667,7e-007,3.87e-005,5.3e-006,
780,0.0002707,4.06e-005,166.667,2e-007,1.37e-005,4.8e-006,
781,0.0002817,4.01e-005,142.857,2e-007,1.05e-005,4.6e-006,
782,0.0003635,0.0001835,200,3e-007,2.62e-005,5.8e-006,
783,0.0003339,4.18e-005,142.857,2e-007,1.97e-005,4.6e-006,
784,0.0002494,4.5e-005,166.667,3e-007,1.21e-005,4e-006,
785,0.0003422,0.0001054,200,3e-007,2.96e-005,5e-006,
786,0.0002844,4e-005,142.857,3e-007,1.24e-005,4.7e-006,
787,0.0002869,4.03e-005,166.667,2e-007,1.29e-005,5e-006,
788,0.000298,5.34e-005,166.667,4e-007,0.0001218,5.8e-006,
789,0.0002859,4.03e-005,166.667,2e-007,1.01e-005,5e-006,
790,0.0002488,3.24e-005,166.667,2e-007,1.25e-005,4e-006,
791,0.0003309,3.46e-005,166.667,5e-007,1.92e-005,2.56e-005,
792,0.0002288,3.14e-005,166.667,1e-007,1.01e-005,3.7e-006,
793,0.0005091,3.88e-005,166.667,1e-007,2.52e-005,1.15e-005,
794,0.0003856,6.09e-005,166.667,5e-007,3.33e-005,6.4e-006,
795,0.0002302,3.21e-005,166.667,1e-007,1.05e-005,7.7e-006,
796,0.0002785,4.05e-005,166.667,1e-007,1.03e-005,4.5e-006,
797,0.0003248,0.0001298,166.667,7e-007,4.49e-005,7e-006,
798,0.0002338,3.23e-005,142.857,4e-007,1.04e-005,3.7e-006,
799,0.000297,3.9e-005,166.667,3e-007,1.13e-005,4.7e-006,
800,0.0003072,4.17e-005,200,8e-007,1.95e-005,5e-006,
801,0.0002797,3.14e-005,166.667,2e-007,1.25e-005,3.9e-006,
802,0.0002871,4.46e-005,142.857,3e-007,1.3e-005,4.9e-006,
803,0.000299,9.76e-005,200,3e-007,2.98e-005,4.9e-006,
804,0.0002839,3.98e-005,142.857,3e-007,1.21e-005,4.8e-006,
805,0.0002842,3.92e-005,166.667,3e-007,1.21e-005,4.7e-006,
806,0.0003193,3.35e-005,166.667,5e-007,2.18e-005,4.9e-006,
807,0.0002957,3.94e-005,166.667,2e-007,1.08e-005,4.6e-006,
808,0.000302,4.21e-005,142.857,2e-007,1.34e-005,4e-006,
809,0.0003504,3.97e-005,200,1e-007,2.15e-005,6e-006,
810,0.0003063,3.96e-005,166.667,3e-007,1.13e-005,4.9e-006,
811,0.0003018,4.05e-005,142.857,3e-007,1.56e-005,5.1e-006,
812,0.0003794,5.24e-005,200,4e-007,2.1e-005,5.5e-006,
813,0.0002849,4.03e-005,166.667,2e-007,1.25e-005,5.2e-006,
814,0.0002884,3.94e-005,142.857,2e-007,1.14e-005,4.7e-006,
815,0.0003832,4.52e-005,200,3e-007,2.61e-005,5.1e-006,
816,0.0002871,4.03e-005,142.857,3e-007,1.34e-005,4.9e-006,
817,0.0003704,4.03e-005,166.667,2e-007,1.08e-005,4.7e-006,
818,0.000389,3.95e-005,200,7e-007,2.16e-005,5.5e-006,
819,0.000281,4.04e-005,142.857,3e-007,1.13e-005,4.6e-006,
820,0.0002841,3.93e-005,166.667,2e-007,1.39e-005,4.9e-006,
821,0.0002742,3.3e-005,200,4e-007,1.42e-005,4.5e-006,
822,0.0002648,3.93e-005,142.857,2e-007,9.5e-006,4.7e-006,
823,0.0002863,4.04e-005,166.667,2e-007,1.27e-005,4.9e-006,
824,0.0003672,4.01e-005,166.667,3e-007,2.83e-005,6e-006,
825,0.0003142,4.02e-005,166.667,2e-007,1.17e-005,4.6e-006,
826,0.0002757,4.02e-005,166.667,2e-007,1.04e-005,4.6e-006,
827,0.0003223,6.07e-005,166.667,4e-007,2.84e-005,6.6e-006,
828,0.000279,3.99e-005,166.667,3e-007,2.31e-005,4.6e-006,
829,0.0003182,5.11e-005,142.857,3e-007,1.22e-005,4.9e-006,
830,0.0003379,3.95e-005,200,3e-007,2.37e-005,5.6e-006,
831,0.0002899,3.92e-005,166.667,2e-007,1.18e-005,4.8e-006,
832,0.0002871,3.99e-005,142.857,2e-007,1.21e-005,4.7e-006,
833,0.0002872,4.01e-005,200,2e-007,1.28e-005,4.7e-006,
834,0.00028,3.92e-005,166.667,3e-007,1.16e-005,4.9e-006,
835,0.0003069,4e-005,142.857,1e-007,1.21e-005,4.7e-006,
836,0.0003699,4.93e-005,200,5e-007,3.2e-005,6.8e-006,
837,0.0002999,4e-005,142.857,2e-007,1.57e-005,5.4e-006,
838,0.0002978,4.29e-005,166.667,2e-007,1.06e-005,4.6e-006,
839,0.000324,3.94e-005,200,2e-007,1.5e-005,4.9e-006,
840,0.00028,3.96e-005,142.857,3e-007,1.07e-005,4.7e-006,
841,0.0002858,4.03e-005,166.667,1e-007,9e-006,4.7e-006,
842,0.0003766,4.78e-005,166.667,8e-007,2.64e-005,5.9e-006,
843,0.0003216,4.04e-005,166.667,2e-007,1.24e-005,4.8e-006,
844,0.0002807,3.87e-005,142.857,2e-007,1.17e-005,4.7e-006,
845,0.000384,6.09e-005,200,4e-007,2.85e-005,5.7e-006,
846,0.0003075,3.29e-005,166.667,2e-007,1.08e-005,3.8e-006,
847,0.0002797,4.04e-005,142.857,2e-007,1.19e-005,4.8e-006,
848,0.0003685,5.65e-005,200,4e-007,2.03e-005,6.5e-006,
849,0.0002832,3.93e-005,142.857,3e-007,1.25e-005,4.7e-006,
850,0.000315,4.03e-005,166.667,6e-007,1.72e-005,5.6e-006,
851,0.0003518,5.56e-005,200,1e-007,2.6e-005,5.3e-006,
852,0.0002858,4e-005,142.857,2e-007,1.2e-005,4.6e-006,
853,0.0003194,4.07e-005,166.667,3e-007,1.67e-005,5.4e-006,
854,0.0003639,4.73e-005,166.667,6e-007,1.86e-005,5e-006,
855,0.0002804,4.63e-005,166.667,3e-007,1.41e-005,5.5e-006,
856,0.000296,3.96e-005,166.667,1e-007,1.21e-005,4.7e-006,
857,0.0003709,5.43e-005,166.667,2e-007,1.86e-005,5.4e-006,
858,0.0002832,3.86e-005,166.667,3e-007,1.34e-005,5.1e-006,
859,0.0003004,4.03e-005,166.667,3e-007,1.19e-005,4.5e-006,
860,0.0003465,4.23e-005,166.667,4e-007,2.93e-005,6.5e-006,
861,0.0002831,4e-005,166.667,3e-007,1.39e-005,4.9e-006,
862,0.000308,4.01e-005,142.857,2e-007,1.11e-005,4.8e-006,
863,0.0004151,6.38e-005,200,4e-007,4.22e-005,9.3e-006,
864,0.0003142,3.96e-005,142.857,2e-007,1.36e-005,5.1e-006,
865,0.0002938,3.87e-005,166.667,2e-007,1.54e-005,5e-006,
866,0.0003174,3.44e-005,200,4e-007,2.44e-005,4.4e-006,
867,0.000281,4.02e-005,142.857,2e-007,1.23e-005,4.8e-006,
868,0.0002874,4.02e-005,166.667,2e-007,1.17e-005,4.7e-006,
869,0.0003576,5.31e-005,200,9e-007,2.05e-005,5.2e-006,
870,0.0002818,4.04e-005,142.857,2e-007,1.14e-005,4.8e-006,
871,0.0003084,4.07e-005,166.667,2e-007,1.69e-005,5e-006,
872,0.0003414,4.17e-005,166.667,2e-007,1.86e-005,6.3e-006,
873,0.0002797,3.91e-005,166.667,3e-007,1.16e-005,4.7e-006,
874,0.0003029,4e-005,142.857,2e-007,1.28e-005,1.24e-005,
875,0.0003781,5.18e-005,200,7e-007,3.51e-005,6.6e-006,
876,0.0003066,4.13e-005,166.667,4e-007,2.05e-005,5.5e-006,
877,0.0002981,3.93e-005,142.857,2e-007,1.12e-005,4.7e-006,
878,0.0004074,7.02e-005,200,6e-007,5.26e-005,5.5e-006,
879,0.0002355,3.25e-005,166.667,2e-007,1.12e-005,4.1e-006,
880,0.0003006,3.98e-005,142.857,3e-007,1.13e-005,4.8e-006,
881,0.0003734,5.51e-005,200,4e-007,3.79e-005,6.1e-006,
882,0.0002832,4.06e-005,142.857,3e-007,1.22e-005,4.7e-006,
883,0.0002875,4.05e-005,166.667,3e-007,1.22e-005,4.5e-006,
884,0.0003536,5.12e-005,200,3e-007,2.21e-005,5.4e-006,
885,0.0003355,3.86e-005,142.857,2e-007,1.3e-005,5e-006,
886,0.0003109,4.02e-005,166.667,2e-007,1.25e-005,4.8e-006,
887,0.0003093,0.0001389,166.667,3e-007,2.24e-005,6.1e-006,
888,0.0002992,3.79e-005,166.667,1e-007,1.06e-005,4.7e-006,
889,0.0003011,3.9e-005,166.667,2e-007,1.06e-005,4.7e-006,
890,0.0003474,4.85e-005,200,3e-007,1.72e-005,4.8e-006,
891,0.000287,5e-005,142.857,2e-007,1.28e-005,5e-006,
892,0.0002863,3.95e-005,166.667,2e-007,1.5e-005,5e-006,
893,0.0003371,4.11e-005,166.667,6e-007,2.14e-005,6.6e-006,
894,0.0002752,4.01e-005,166.667,1e-007,1.03e-005,4.7e-006,
895,0.0003766,5.24e-005,166.667,2e-007,1.46e-005,1.68e-005,
896,0.0003181,3.72e-005,166.667,3e-007,1.65e-005,5.4e-006,
897,0.0003081,6.24e-005,166.667,3e-007,3.07e-005,5.6e-006,
898,0.0003009,4.37e-005,142.857,3e-007,1.85e-005,5.3e-006,
899,0.0003306,3.82e-005,166.667,3e-007,2.35e-005,5.7e-006,
900,0.0002833,3.93e-005,166.667,6e-007,1.35e-005,4.8e-006,
901,0.0003135,3.91e-005,142.857,1e-007,1.15e-005,4.6e-006,
902,0.0003744,5.16e-005,250,6e-007,2.39e-005,5.7e-006,
903,0.0002719,3.95e-005,142.857,3e-007,1.32e-005,4.9e-006,
904,0.0003099,4.81e-005,166.667,3e-007,1.53e-005,5.7e-006,
905,0.0003566,5.62e-005,200,6e-007,2.71e-005,5.1e-006,
906,0.0003167,4.01e-005,142.857,2e-007,1.32e-005,4.7e-006,
907,0.0002818,3.86e-005,166.667,2e-007,1.13e-005,4.5e-006,
908,0.0003474,5.59e-005,166.667,4e-007,2.03e-005,5.4e-006,
909,0.0003029,4.13e-005,166.667,2e-007,1.1e-005,4.6e-006,
910,0.0002992,3.98e-005,166.667,3e-007,1.12e-005,4.7e-006,
911,0.0003247,3.92e-005,166.667,2e-007,2.69e-005,6e-006,
912,0.000276,4.25e-005,166.667,2e-007,1.05e-005,5e-006,
913,0.0002992,4.02e-005,142.857,2e-007,1.38e-005,5e-006,
914,0.0003374,5.03e-005,200,3e-007,2.14e-005,5.9e-006,
915,0.000277,3.98e-005,142.857,2e-007,1.16e-005,4.9e-006,
916,0.0003125,3.9e-005,166.667,2e-007,1.52e-005,5.1e-006,
917,0.0003586,5.56e-005,200,2e-007,1.84e-005,6e-006,
918,0.000279,3.9e-005,142.857,2e-007,1.19e-005,4.8e-006,
919,0.000263,3.98e-005,166.667,2e-007,1.24e-005,4.8e-006,
920,0.0003186,4.36e-005,200,2e-007,1.72e-005,5.3e-006,
921,0.0003262,4.03e-005,142.857,3e-007,1.51e-005,5e-006,
922,0.0003036,4.04e-005,166.667,3e-007,1.43e-005,2.01e-005,
923,0.0002918,3.36e-005,166.667,3e-007,2.49e-005,5e-006,
924,0.000322,4.04e-005,166.667,3e-007,1.2e-005,4.7e-006,
925,0.000302,4.12e-005,166.667,2e-007,1.26e-005,4.7e-006,
926,0.0003404,5.17e-005,166.667,5e-007,2.19e-005,4.8e-006,
927,0.0003049,4.05e-005,166.667,2e-007,1.08e-005,4.7e-006,
928,0.0002797,3.87e-005,142.857,2e-007,1.05e-005,5e-006,
929,0.0003511,3.36e-005,200,5e-007,2.83e-005,4.8e-006,
930,0.0002847,3.98e-005,142.857,2e-007,1.28e-005,4.6e-006,
931,0.0002881,3.86e-005,166.667,3e-007,1.2e-005,4.7e-006,
932,0.0003438,5.98e-005,200,5e-007,2.12e-005,2.68e-005,
933,0.0002805,3.94e-005,142.857,2e-007,1.22e-005,4.6e-006,
934,0.0002854,3.96e-005,166.667,2e-007,1.19e-005,4.6e-006,
935,0.0003311,4.55e-005,200,3e-007,1.85e-005,4.3e-006,
936,0.0002349,3.23e-005,142.857,2e-007,1.14e-005,3.9e-006,
937,0.0002848,3.84e-005,166.667,2e-007,1.05e-005,4.6e-006,
938,0.0003895,7.37e-005,200,6e-007,3.21e-005,5.6e-006,
939,0.000289,4.06e-005,142.857,3e-007,1.38e-005,4.9e-006,
940,0.000302,4.05e-005,166.667,3e-007,1.44e-005,4.8e-006,
941,0.0002909,3.25e-005,166.667,3e-007,2.38e-005,4.5e-006,
942,0.0002748,3.8e-005,166.667,1e-007,9.5e-006,4.6e-006,
943,0.0002874,4.08e-005,166.667,1e-007,1.01e-005,4.6e-006,
944,0.000412,4.6e-005,166.667,3e-007,2.72e-005,6.3e-006,
945,0.0002786,3.96e-005,166.667,2e-007,1.13e-005,4.7e-006,
946,0.0002825,3.95e-005,166.667,3e-007,1.12e-005,4.7e-006,
947,0.0003844,4.11e-005,166.667,1.2e-006,2.84e-005,2.39e-005,
948,0.0003034,4.13e-005,142.857,2e-007,9.4e-006,4.6e-006,
949,0.0002929,4.04e-005,166.667,3e-007,1.49e-005,5.6e-006,
950,0.0003266,3.45e-005,200,2e-007,1.98e-005,4.6e-006,
951,0.0002848,3.91e-005,142.857,3e-007,8.52e-005,5e-006,
952,0.0002352,3.21e-005,166.667,1e-007,1.03e-005,3.8e-006,
953,0.0003269,3.32e-005,200,2e-007,2.57e-005,5.7e-006,
954,0.0003244,4.68e-005,142.857,4e-007,1.26e-005,5.1e-006,
955,0.0002316,3.12e-005,166.667,2e-007,9.1e-006,3.6e-006,
956,0.0003232,3.49e-005,200,5e-007,2.33e-005,6e-006,
957,0.000232,3.23e-005,142.857,2e-007,9.8e-006,3.8e-006,
958,0.0002965,3.98e-005,166.667,2e-007,1.19e-005,4.7e-006,
959,0.0003056,2.99e-005,166.667,3e-007,2.13e-005,4.9e-006,
960,0.0002816,4.13e-005,166.667,1e-007,1.11e-005,4.6e-006,
961,0.0003159,4.05e-005,166.667,2e-007,1.05e-005,4.5e-006,
962,0.0002764,4.37e-005,166.667,4e-007,2.56e-005,6e-006,
963,0.0002814,3.72e-005,166.667,2e-007,1.1e-005,4.6e-006,
964,0.0002995,3.96e-005,142.857,2e-007,1.09e-005,4.7e-006,
965,0.0003388,3.85e-005,200,2e-007,2.44e-005,6e-006,
966,0.000328,3.89e-005,142.857,2e-007,1.23e-005,4.8e-006,
967,0.0002827,4.04e-005,166.667,2e-007,1.12e-005,4.6e-006,
968,0.0003754,5.44e-005,200,5e-007,2.91e-005,6.9e-006,
969,0.000305,4.11e-005,142.857,2e-007,1.56e-005,5.1e-006,
970,0.0002888,4.42e-005,142.857,2e-007,1.78e-005,5.2e-006,
971,0.0003366,3.63e-005,200,3e-007,2.13e-005,5.8e-006,
972,0.0002871,4.04e-005,166.667,2e-007,1.18e-005,4.8e-006,
973,0.0002881,4.03e-005,166.667,3e-007,1.38e-005,5e-006,
974,0.0003223,4.16e-005,166.667,5e-007,2.85e-005,6.9e-006,
975,0.0002944,5.27e-005,166.667,1e-007,1.48e-005,5.2e-006,
976,0.0002813,3.92e-005,166.667,2e-007,2.42e-005,4.5e-006,
977,0.0003101,4.13e-005,166.667,6e-007,1.9e-005,5.1e-006,
978,0.0002901,3.97e-005,166.667,3e-007,1.31e-005,4.8e-006,
979,0.0002779,3.98e-005,142.857,2e-007,1.08e-005,4.7e-006,
980,0.0003792,5.34e-005,200,2e-007,1.67e-005,5.6e-006,
981,0.0003116,4.06e-005,142.857,3e-007,1.56e-005,5.7e-006,
982,0.0002839,4.1e-005,166.667,3e-007,1.2e-005,4.7e-006,
983,0.0003137,3.55e-005,200,4e-007,2.82e-005,6e-006,
984,0.0002729,3.96e-005,142.857,3e-007,1.19e-005,5e-006,
985,0.000309,4.01e-005,166.667,2e-007,1.26e-005,5.2e-006,
986,0.0003383,5.97e-005,166.667,5e-007,2.7e-005,6.3e-006,
987,0.0003129,3.93e-005,166.667,3e-007,1.06e-005,4.8e-006,
988,0.0002962,4.08e-005,166.667,2e-007,1.09e-005,4.7e-006,
989,0.0003335,5.05e-005,200,8e-007,2.04e-005,4.5e-006,
990,0.0003296,3.9e-005,142.857,2e-007,1.27e-005,4.9e-006,
991,0.0003358,5.43e-005,166.667,4e-007,1.91e-005,6.5e-006,
992,0.000361,5.72e-005,166.667,5e-007,4.04e-005,6.1e-006,
993,0.0002804,3.97e-005,166.667,3e-007,1.16e-005,4.8e-006,
994,0.0002846,4.07e-005,166.667,2e-007,1.07e-005,4.7e-006,
995,0.0002936,3.68e-005,166.667,4e-007,2.13e-005,5.7e-006,
996,0.0002816,4.27e-005,166.667,2e-007,1.19e-005,4.8e-006,
997,0.000281,3.85e-005,142.857,2e-007,1.01e-005,4.9e-006,
998,0.0003684,5.68e-005,200,2e-007,1.95e-005,5.7e-006,
999,0.0002834,4.01e-005,142.857,3e-007,1.31e-005,5.1e-006,
1000,0.0002972,3.91e-005,166.667,2e-007,1.22e-005,4.7e-006,
1001,0.0003751,4.79e-005,200,8e-007,2.71e-005,5.4e-006,
1002,0.0002834,4.01e-005,142.857,6e-007,1.46e-005,5.3e-006,
1003,0.0003077,3.9e-005,166.667,2e-007,1.23e-005,4.6e-006,
1004,0.000364,4.17e-005,166.667,7e-007,2.9e-005,6e-006,
1005,0.0002361,4.51e-005,166.667,2e-007,1.24e-005,4.7e-006,
1006,0.0002974,4.01e-005,166.667,2e-007,1.08e-005,4.7e-006,
1007,0.0003434,5.85e-005,166.667,4e-007,2.67e-005,6.1e-006,
1008,0.0003022,3.92e-005,166.667,4e-007,1.11e-005,4.6e-006,
1009,0.0002809,4.36e-005,142.857,2e-007,1.21e-005,4.9e-006,
1010,0.0003562,5.83e-005,200,3e-007,4.48e-005,6.8e-006,
1011,0.0002809,4.18e-005,166.667,3e-007,1.16e-005,5e-006,
1012,0.0002891,3.89e-005,142.857,4e-007,1.29e-005,5e-006,
1013,0.0003412,5.54e-005,200,3e-007,4.13e-005,6.2e-006,
1014,0.0002826,3.87e-005,142.857,2e-007,1.33e-005,4.8e-006,
1015,0.0002849,4.03e-005,166.667,1e-007,1.09e-005,4.8e-006,
1016,0.0003264,3.93e-005,200,3e-007,1.61e-005,5.1e-006,
1017,0.0002441,3.2e-005,142.857,2e-007,1.24e-005,4.1e-006,
1018,0.0002759,4e-005,166.667,2e-007,1.06e-005,4.7e-006,
1019,0.0002938,9.41e-005,200,7e-007,3.07e-005,5.1e-006,
1020,0.0002389,3.17e-005,142.857,3e-007,1.32e-005,4.2e-006,
1021,0.0003072,3.9e-005,166.667,4e-007,1.19e-005,4.7e-006,
1022,0.0002456,5.87e-005,166.667,5e-007,4.4e-005,6.5e-006,
1023,0.0002765,3.94e-005,166.667,2e-007,1.03e-005,4.7e-006,
1024,0.0002822,4.06e-005,166.667,1e-007,1.07e-005,4.8e-006,
1025,0.0003007,0.0001012,166.667,7e-007,3.29e-005,8.4e-006,
1026,0.0003402,5.55e-005,142.857,3e-007,1.32e-005,4.8e-006,
1027,0.0002947,4.05e-005,166.667,3e-007,1.43e-005,4.6e-006,
1028,0.0003679,7.81e-005,200,6e-007,2.92e-005,5.4e-006,
1029,0.000275,3.99e-005,142.857,6e-007,1.07e-005,4.7e-006,
1030,0.0003302,4.15e-005,166.667,6e-007,1.76e-005,5.8e-006,
1031,0.0003131,6.18e-005,166.667,5e-007,2.69e-005,6.4e-006,
1032,0.0002746,4.02e-005,166.667,2e-007,3.49e-005,4.6e-006,
1033,0.0002856,4e-005,166.667,1e-007,1.25e-005,5.1e-006,
1034,0.000364,4.12e-005,200,5e-007,2.28e-005,5.7e-006,
1035,0.0002859,4.14e-005,142.857,3e-007,1.43e-005,4.9e-006,
1036,0.0002869,4.01e-005,166.667,1e-007,1.27e-005,4.8e-006,
1037,0.0003631,4.21e-005,166.667,9e-007,3.4e-005,5.5e-006,
1038,0.0003238,3.96e-005,166.667,2e-007,1.38e-005,4.9e-006,
1039,0.0002837,4.03e-005,166.667,2e-007,1.08e-005,4.9e-006,
1040,0.0003441,5.68e-005,166.667,4e-007,2.35e-005,4.5e-006,
1041,0.0002817,3.86e-005,166.667,2e-007,1.07e-005,4.7e-006,
1042,0.0002793,3.95e-005,166.667,1e-007,1.73e-005,4.6e-006,
1043,0.0003264,4.05e-005,166.667,4e-007,2.53e-005,5.1e-006,
1044,0.0005766,4.06e-005,166.667,1e-007,1.02e-005,4.5e-006,
1045,0.0002945,5.53e-005,142.857,2e-007,1.05e-005,4.5e-006,
1046,0.0003725,4.06e-005,200,4e-007,3.09e-005,6.8e-006,
1047,0.0004951,4.41e-005,142.857,2e-007,1.91e-005,6.2e-006,
1048,0.000286,3.94e-005,166.667,3e-007,1.33e-005,4.9e-006,
1049,0.0003623,5.63e-005,200,7e-007,4.02e-005,6.5e-006,
1050,0.0002819,3.94e-005,142.857,3e-007,1.25e-005,5.3e-006,
1051,0.0003126,4.01e-005,166.667,2e-007,1.29e-005,4.9e-006,
1052,0.0003956,4.45e-005,200,3e-007,2.44e-005,6.7e-006,
1053,0.0002861,3.91e-005,142.857,2e-007,1.23e-005,4.7e-006,
1054,0.0003648,4.38e-005,166.667,2e-007,1.42e-005,5e-006,
1055,0.0003509,4.33e-005,166.667,2e-007,2.52e-005,6.8e-006,
1056,0.0003023,3.94e-005,166.667,3e-007,1.37e-005,5.2e-006,
1057,0.0003063,3.73e-005,142.857,2e-007,1.42e-005,5.2e-006,
1058,0.0003888,6.97e-005,200,2e-007,2.18e-005,2.29e-005,
1059,0.0002852,3.69e-005,166.667,3e-007,1.4e-005,5.2e-006,
1060,0.0003048,4.02e-005,142.857,2e-007,1.29e-005,4.8e-006,
1061,0.0003273,5.4e-005,200,2e-007,3.95e-005,5.6e-006,
1062,0.0002873,4.02e-005,166.667,3e-007,1.37e-005,5.1e-006,
1063,0.0003,3.87e-005,142.857,2e-007,1.14e-005,4.8e-006,
1064,0.0002971,5.67e-005,200,6e-007,2.77e-005,5e-006,
1065,0.0003454,4.14e-005,142.857,4e-007,1.81e-005,5.5e-006,
1066,0.0002935,4.05e-005,166.667,3e-007,1.2e-005,4.8e-006,
1067,0.0003429,6.13e-005,200,6e-007,3.05e-005,6.2e-006,
1068,0.0003267,4.01e-005,142.857,2e-007,1.31e-005,5e-006,
1069,0.0002913,5.74e-005,166.667,3e-007,1.4e-005,5e-006,
1070,0.0003102,4.01e-005,166.667,4e-007,2.07e-005,5.9e-006,
1071,0.0003157,5.81e-005,166.667,4e-007,1.43e-005,5.7e-006,
1072,0.0003097,4.25e-005,166.667,3e-007,1.83e-005,4.9e-006,
1073,0.0003533,4.25e-005,166.667,4e-007,2.91e-005,5.5e-006,
1074,0.0002823,3.97e-005,166.667,2e-007,1.08e-005,4.6e-006,
1075,0.0002849,4.45e-005,166.667,2e-007,1.08e-005,4.8e-006,
1076,0.0002924,0.0001252,166.667,9e-007,1.94e-005,5.2e-006,
1077,0.000505,4.67e-005,166.667,7e-007,2.51e-005,6.2e-006,
1078,0.0002782,4.04e-005,142.857,3e-007,1.2e-005,4.6e-006,
1079,0.0004059,4.03e-005,200,2e-007,1.52e-005,4.8e-006,
1080,0.0002799,3.92e-005,166.667,3e-007,1.2e-005,4.7e-006,
1081,0.0002944,3.95e-005,142.857,3e-007,2.57e-005,4.9e-006,
1082,0.0003894,5.4e-005,200,3e-007,7.26e-005,6.6e-006,
1083,0.0002759,4.06e-005,142.857,1e-007,1.01e-005,4.6e-006,
1084,0.0002929,3.8e-005,166.667,2e-007,1.12e-005,4.7e-006,
1085,0.0004131,3.79e-005,200,4e-007,3.23e-005,5.6e-006,
1086,0.0003201,5.46e-005,142.857,1e-007,1.2e-005,5.1e-006,
1087,0.0002899,4.02e-005,166.667,2e-007,1.28e-005,4.8e-006,
1088,0.0003873,4.17e-005,166.667,3e-007,2.42e-005,6.9e-006,
1089,0.0002658,4.04e-005,166.667,2e-007,1.14e-005,5e-006,
1090,0.0002942,4.06e-005,166.667,2e-007,1.49e-005,6.7e-006,
1091,0.0003345,6.94e-005,166.667,3e-007,2.52e-005,5.7e-006,
1092,0.0002938,4.08e-005,166.667,2e-007,2.71e-005,4.8e-006,
1093,0.0002861,3.92e-005,142.857,3e-007,1.19e-005,4.8e-006,
1094,0.000365,4.05e-005,200,3e-007,1.77e-005,5.2e-006,
1095,0.0002895,4.04e-005,166.667,3e-007,1.12e-005,4.7e-006,
1096,0.0002891,4e-005,142.857,2e-007,1.34e-005,4.7e-006,
1097,0.0003303,7.05e-005,200,5e-007,2.87e-005,5.7e-006,
1098,0.0003078,3.97e-005,142.857,6e-007,1.94e-005,5.2e-006,
1099,0.0002788,3.97e-005,166.667,1e-007,1.29e-005,4.7e-006,
1100,0.0003344,6.78e-005,200,4e-007,2.57e-005,4.5e-006,
1101,0.0002905,4.03e-005,142.857,3e-007,1.42e-005,5.6e-006,
1102,0.000305,4.01e-005,166.667,2e-007,1.23e-005,5e-006,
1103,0.000382,4.11e-005,166.667,4e-007,3e-005,5.9e-006,
1104,0.0002843,3.93e-005,166.667,4e-007,1.21e-005,4.9e-006,
1105,0.0003077,4.08e-005,166.667,2e-007,1.16e-005,5e-006,
1106,0.0003303,3.96e-005,166.667,4e-007,2.23e-005,6.4e-006,
1107,0.000278,5.47e-005,166.667,1e-007,1.22e-005,5.7e-006,
1108,0.0002802,4.07e-005,166.667,3e-007,1.1e-005,6.4e-006,
1109,0.0003614,4.34e-005,166.667,4e-007,2.81e-005,5.9e-006,
1110,0.0003103,3.92e-005,166.667,1e-007,1.13e-005,4.7e-006,
1111,0.0003457,5.44e-005,142.857,2e-007,1.56e-005,5.1e-006,
1112,0.0003411,4.2e-005,200,2e-007,1.83e-005,6.4e-006,
1113,0.0003429,4.98e-005,166.667,5e-007,1.61e-005,5e-006,
1114,0.0002822,4.01e-005,142.857,2e-007,1.1e-005,4.7e-006,
1115,0.0003236,6.67e-005,200,8e-007,3.05e-005,4.9e-006,
1116,0.0002826,4e-005,142.857,3e-007,2.71e-005,4.8e-006,
1117,0.0002293,3.17e-005,166.667,2e-007,9.9e-006,3.8e-006,
1118,0.0003297,6.09e-005,200,5e-007,2.65e-005,6.3e-006,
1119,0.0003231,4.05e-005,142.857,3e-007,2.36e-005,5.9e-006,
1120,0.0002791,3.95e-005,166.667,3e-007,1.03e-005,4.8e-006,
1121,0.0003395,9.72e-005,200,2e-007,2.32e-005,6.4e-006,
1122,0.0002932,4.06e-005,142.857,4e-007,1.48e-005,5.1e-006,
1123,0.0003225,4e-005,166.667,3e-007,1.26e-005,5e-006,
1124,0.0003668,5.85e-005,166.667,4e-007,2.95e-005,7.1e-006,
1125,0.0002836,3.92e-005,166.667,1e-007,1.27e-005,5.2e-006,
1126,0.0003022,4.07e-005,142.857,2e-007,1.14e-005,5e-006,
1127,0.0004001,0.0001802,200,5e-007,2.79e-005,6.4e-006,
1128,0.0002694,4.07e-005,142.857,3e-007,1.24e-005,5e-006,
1129,0.0002842,3.97e-005,166.667,3e-007,1.18e-005,5.2e-006,
1130,0.0003342,7.79e-005,200,6e-007,2.8e-005,7e-006,
1131,0.0003113,4.04e-005,142.857,2e-007,1.14e-005,4.9e-006,
1132,0.0002878,4.01e-005,166.667,2e-007,1.37e-005,5.2e-006,
1133,0.0003999,4.31e-005,200,4e-007,3.48e-005,2.55e-005,
1134,0.000278,3.83e-005,142.857,3e-007,1.24e-005,4.7e-006,
1135,0.0002885,4.08e-005,166.667,3e-007,1.49e-005,5.4e-006,
1136,0.0004416,4.29e-005,166.667,5e-007,2.82e-005,6.6e-006,
1137,0.0002814,5.07e-005,166.667,3e-007,1.15e-005,5.2e-006,
1138,0.0002838,4.04e-005,166.667,2e-007,1.11e-005,4.8e-006,
1139,0.0003237,4.06e-005,166.667,3e-007,1.57e-005,4.9e-006,
1140,0.0002804,3.94e-005,166.667,3e-007,1.05e-005,4.7e-006,
1141,0.0002832,4.11e-005,166.667,1e-007,1.06e-005,4.9e-006,
1142,0.000364,5.19e-005,166.667,3e-007,2.37e-005,5.2e-006,
1143,0.0002983,4.06e-005,166.667,2e-007,1.16e-005,4.9e-006,
1144,0.0002794,4.07e-005,142.857,1e-007,9.8e-006,4.9e-006,
1145,0.0004991,9.75e-005,200,7e-007,2.79e-005,5.9e-006,
1146,0.0002858,4.1e-005,142.857,3e-007,1.29e-005,4.8e-006,
1147,0.000354,5.3e-005,166.667,7e-007,1.9e-005,5.7e-006,
1148,0.0004184,7.03e-005,200,6e-007,2.91e-005,6.7e-006,
1149,0.0002818,4.05e-005,142.857,2e-007,1.16e-005,5.1e-006,
1150,0.0002413,3.19e-005,166.667,2e-007,1.28e-005,4.2e-006,
1151,0.0003062,3.79e-005,200,4e-007,2.86e-005,4.6e-006,
1152,0.000306,3.85e-005,142.857,2e-007,1.23e-005,5e-006,
1153,0.0003154,5.75e-005,166.667,3e-007,1.31e-005,5.1e-006,
1154,0.0003405,5.26e-005,166.667,4e-007,2.58e-005,6.2e-006,
1155,0.0002778,4.09e-005,166.667,3e-007,1.16e-005,4.8e-006,
1156,0.0002816,3.95e-005,166.667,3e-007,1.08e-005,4.7e-006,
1157,0.0003276,5.33e-005,166.667,3e-007,1.82e-005,5e-006,
1158,0.0002999,3.97e-005,166.667,3e-007,1.22e-005,5e-006,
1159,0.0002858,4.02e-005,166.667,4e-007,1.29e-005,4.9e-006,
1160,0.0003704,5.82e-005,166.667,5e-007,2.57e-005,5.8e-006,
1161,0.0002997,3.99e-005,142.857,2e-007,3.04e-005,4.8e-006,
1162,0.0002995,4.06e-005,166.667,2e-007,1.22e-005,4.7e-006,
1163,0.0003029,4.08e-005,200,4e-007,1.71e-005,5e-006,
1164,0.0002853,3.98e-005,142.857,3e-007,1.22e-005,4.8e-006,
1165,0.0003248,6.36e-005,166.667,2e-007,1.15e-005,1.28e-005,
1166,0.0004091,4.26e-005,200,6e-007,3.21e-005,6.6e-006,
1167,0.0002803,4.02e-005,142.857,3e-007,1.13e-005,4.7e-006,
1168,0.0003418,4.7e-005,166.667,3e-007,1.43e-005,5.1e-006,
1169,0.0003677,4.76e-005,200,9e-007,2.99e-005,6.4e-006,
1170,0.0002713,3.94e-005,142.857,2e-007,1.18e-005,4.7e-006,
1171,0.0003018,3.96e-005,166.667,2e-007,1.32e-005,5e-006,
1172,0.0003348,4.15e-005,166.667,3e-007,1.98e-005,5e-006,
1173,0.0003014,4e-005,166.667,3e-007,1.1e-005,4.9e-006,
1174,0.0002294,3.11e-005,142.857,2e-007,8.5e-006,3.6e-006,
1175,0.0003626,5.63e-005,200,3e-007,1.68e-005,6e-006,
1176,0.0002982,3.93e-005,166.667,3e-007,1.32e-005,4.9e-006,
1177,0.0002843,4.02e-005,142.857,3e-007,1.1e-005,4.9e-006,
1178,0.0003652,3.77e-005,200,5e-007,3.05e-005,7.3e-006,
1179,0.0002828,4.12e-005,142.857,2e-007,1.18e-005,4.9e-006,
1180,0.0002957,4.02e-005,166.667,5e-007,1.23e-005,4.7e-006,
1181,0.0003139,8.53e-005,200,8e-007,4.5e-005,6.4e-006,
1182,0.0002768,3.94e-005,142.857,2e-007,1.03e-005,4.5e-006,
1183,0.0002946,4.05e-005,166.667,2e-007,1.11e-005,5e-006,
1184,0.0003977,4.02e-005,200,3e-007,1.41e-005,5.4e-006,
1185,0.0002872,4.02e-005,142.857,3e-007,1.29e-005,4.7e-006,
1186,0.0003062,3.7e-005,166.667,1e-007,1.2e-005,4.9e-006,
1187,0.0004107,6.26e-005,166.667,1e-006,2.14e-005,6.7e-006,
1188,0.0002788,4.85e-005,166.667,2e-007,1.17e-005,4.6e-006,
1189,0.0003015,3.97e-005,166.667,1e-007,1.79e-005,5e-006,
1190,0.0003581,4.1e-005,166.667,5e-007,2.8e-005,6e-006,
1191,0.0002661,3.99e-005,166.667,2e-007,1.2e-005,4.7e-006,
1192,0.0002862,4.14e-005,166.667,2e-007,1.17e-005,7.2e-006,
1193,0.0002956,3.22e-005,166.667,3e-007,1.57e-005,4.7e-006,
1194,0.0002628,4.66e-005,166.667,2e-007,1.51e-005,5.1e-006,
1195,0.0002948,4.02e-005,142.857,2e-007,1.31e-005,4.9e-006,
1196,0.0003533,5.31e-005,200,8e-007,2.01e-005,2.65e-005,
1197,0.0002919,4.06e-005,142.857,3e-007,1.4e-005,5.1e-006,
1198,0.0002844,4e-005,166.667,1e-007,1.2e-005,4.8e-006,
1199,0.0003264,7.4e-005,200,9e-007,3.4e-005,6.5e-006,
1200,0.0002917,4.04e-005,142.857,3e-007,1.41e-005,5.1e-006,
1201,0.0002431,3.14e-005,166.667,2e-007,1.18e-005,4.2e-006,
1202,0.000385,6.2e-005,200,4e-007,3.95e-005,6.4e-006,
1203,0.0002858,3.99e-005,142.857,2e-007,1.29e-005,5e-006,
1204,0.0002794,4.09e-005,166.667,2e-007,1.18e-005,4.8e-006,
1205,0.0003271,4.18e-005,166.667,7e-007,3.18e-005,6.7e-006,
1206,0.0002803,4.11e-005,166.667,3e-007,1.34e-005,4.9e-006,
1207,0.0002817,4.04e-005,166.667,2e-007,1.18e-005,4.9e-006,
1208,0.0003195,4.36e-005,166.667,4e-007,1.86e-005,5.3e-006,
1209,0.0002798,3.86e-005,166.667,2e-007,1.25e-005,4.8e-006,
1210,0.0002912,5.26e-005,166.667,4e-007,1.53e-005,5.8e-006,
1211,0.0002972,3.98e-005,166.667,3e-007,1.06e-005,4.6e-006,
1212,0.0002996,3.86e-005,166.667,3e-007,1.06e-005,4.7e-006,
1213,0.0002907,5.03e-005,166.667,3e-007,1.38e-005,5.3e-006,
1214,0.0002794,3.92e-005,166.667,2e-007,1.02e-005,4.6e-006,
1215,0.0002979,4.03e-005,166.667,5e-007,1.44e-005,4.8e-006,
1216,0.0002831,3.98e-005,166.667,2e-007,1.05e-005,4.6e-006,
1217,0.0002779,4e-005,166.667,2e-007,1.1e-005,4.8e-006,
1218,0.0002926,3.98e-005,166.667,2e-007,1.44e-005,5.2e-006,
1219,0.0002836,3.94e-005,142.857,1e-007,1.08e-005,4.7e-006,
1220,0.0002888,3.96e-005,200,2e-007,1.27e-005,5.1e-006,
1221,0.0002838,3.99e-005,142.857,2e-007,1.27e-005,5.3e-006,
1222,0.000285,4.04e-005,166.667,2e-007,1.28e-005,4.7e-006,
1223,0.0002826,4.01e-005,166.667,3e-007,1.09e-005,4.7e-006,
1224,0.0002821,3.81e-005,166.667,2e-007,1.2e-005,4.7e-006,
1225,0.0002735,3.91e-005,166.667,2e-007,1.12e-005,4.6e-006,
1226,0.0002835,4.08e-005,166.667,3e-007,1.17e-005,5e-006,
1227,0.0002821,4.09e-005,166.667,3e-007,1.16e-005,4.7e-006,
1228,0.0003116,4.58e-005,166.667,3e-007,1.44e-005,5e-006,
1229,0.0002984,4.02e-005,166.667,2e-007,1.08e-005,4.7e-006,
1230,0.0003164,4.22e-005,166.667,2e-007,1.06e-005,4.7e-006,
1231,0.0003723,6.59e-005,166.667,6e-007,3.73e-005,6.8e-006,
1232,0.0003208,5.1e-005,125,3e-007,1.23e-005,4.9e-006,
1233,0.0003246,4.52e-005,200,7e-007,1.97e-005,6e-006,
1234,0.0002875,4.02e-005,166.667,3e-007,1.3e-005,5e-006,
1235,0.0002833,4.08e-005,166.667,3e-007,2.84e-005,4.9e-006,
1236,0.0003851,6.94e-005,166.667,3e-007,2.49e-005,5.3e-006,
1237,0.0003033,3.9e-005,166.667,2e-007,1.13e-005,4.8e-006,
1238,0.000275,3.85e-005,166.667,2e-007,1.02e-005,4.6e-006,
1239,0.0002843,0.0001807,166.667,5e-007,2.8e-005,5.9e-006,
1240,0.0002761,5.22e-005,166.667,3e-007,1.07e-005,4.6e-006,
1241,0.0002666,3.41e-005,166.667,3e-007,1.88e-005,4.8e-006,
1242,0.0002689,4.12e-005,166.667,3e-007,1.85e-005,4.4e-006,
1243,0.0002799,3.88e-005,166.667,2e-007,1.11e-005,4.7e-006,
1244,0.0003194,3.23e-005,142.857,2e-007,1.49e-005,4.5e-006,
1245,0.0003194,4.21e-005,200,6e-007,3e-005,6e-006,
1246,0.0003061,3.84e-005,166.667,2e-007,1.2e-005,4.8e-006,
1247,0.00031,4.11e-005,142.857,2e-007,1.22e-005,5.2e-006,
1248,0.0003336,4.19e-005,200,3e-007,2.42e-005,6.1e-006,
1249,0.0002849,3.99e-005,142.857,3e-007,1.35e-005,4.9e-006,
1250,0.0002976,3.88e-005,166.667,2e-007,1.12e-005,4.7e-006,
1251,0.0003364,4.2e-005,200,4e-007,2.44e-005,5.6e-006,
1252,0.0003153,3.95e-005,142.857,2e-007,1.22e-005,4.6e-006,
1253,0.0002817,4.03e-005,166.667,2e-007,1.08e-005,4.6e-006,
1254,0.0003642,8.42e-005,166.667,8e-007,3.59e-005,7.2e-006,
1255,0.0003153,3.98e-005,166.667,2e-007,1.13e-005,4.6e-006,
1256,0.0002795,4.02e-005,166.667,2e-007,1.1e-005,4.5e-006,
1257,0.0003454,5.05e-005,166.667,4e-007,1.92e-005,4.3e-006,
1258,0.0003074,4e-005,166.667,2e-007,1.17e-005,4.8e-006,
1259,0.0002895,3.99e-005,166.667,3e-007,1.11e-005,4.5e-006,
1260,0.0003028,0.0001616,166.667,1e-006,2.68e-005,4.7e-006,
1261,0.0003049,4.08e-005,142.857,3e-007,1.3e-005,4.8e-006,
1262,0.0002575,3.27e-005,166.667,1e-007,1.64e-005,4.6e-006,
1263,0.0003932,6.57e-005,200,6e-007,3.15e-005,5.8e-006,
1264,0.0002893,3.82e-005,142.857,2e-007,1.26e-005,5e-006,
1265,0.0003271,3.72e-005,166.667,3e-007,1.42e-005,5.2e-006,
1266,0.0003755,5.41e-005,166.667,9e-007,1.76e-005,5.1e-006,
1267,0.0003113,5.34e-005,166.667,7e-007,2.04e-005,6.8e-006,
1268,0.0002953,3.94e-005,166.667,2e-007,1.04e-005,4.6e-006,
1269,0.0003314,4.03e-005,200,6e-007,2.48e-005,5.5e-006,
1270,0.0002803,4e-005,142.857,3e-007,1.34e-005,5e-006,
1271,0.0003609,3.8e-005,166.667,2e-007,1.29e-005,5.4e-006,
1272,0.0002837,3.22e-005,166.667,4e-007,2.58e-005,5e-006,
1273,0.000312,3.84e-005,166.667,3e-007,1.14e-005,4.7e-006,
1274,0.0002823,3.7e-005,142.857,2e-007,1.22e-005,4.7e-006,
1275,0.0003851,5.43e-005,200,8e-007,3.63e-005,5e-006,
1276,0.0002813,3.88e-005,142.857,3e-007,1.1e-005,4.7e-006,
1277,0.0002846,3.99e-005,166.667,2e-007,1.16e-005,4.8e-006,
1278,0.000345,3.56e-005,200,4e-007,1.93e-005,4.5e-006,
1279,0.0002915,4.05e-005,142.857,2e-007,2.75e-005,5.1e-006,
1280,0.0002949,4.15e-005,166.667,2e-007,1.55e-005,4.2e-006,
1281,0.0003705,3.98e-005,166.667,5e-007,3.65e-005,6.1e-006,
1282,0.000277,4.2e-005,166.667,3e-007,1.12e-005,4.7e-006,
1283,0.0002901,4e-005,166.667,4e-007,1.15e-005,4.7e-006,
1284,0.0003561,4.82e-005,200,5e-007,2.37e-005,5.9e-006,
1285,0.0002766,3.93e-005,142.857,2e-007,1.13e-005,4.8e-006,
1286,0.0003003,4.01e-005,166.667,2e-007,2.46e-005,4.8e-006,
1287,0.0003662,0.0002223,166.667,7e-007,3e-005,7.1e-006,
1288,0.0003184,4.13e-005,142.857,3e-007,1.96e-005,5.6e-006,
1289,0.0003014,3.97e-005,166.667,2e-007,1.12e-005,4.7e-006,
1290,0.0003916,5.15e-005,200,3e-007,3.03e-005,6.5e-006,
1291,0.0003399,4.1e-005,166.667,2e-007,1.42e-005,4.9e-006,
1292,0.0003113,3.88e-005,142.857,2e-007,1.44e-005,5.3e-006,
1293,0.0003706,5.97e-005,200,4e-007,2.54e-005,6.6e-006,
1294,0.0003133,4.08e-005,166.667,2e-007,1.1e-005,4.8e-006,
1295,0.0002828,3.71e-005,142.857,4e-007,1.16e-005,4.7e-006,
1296,0.0003338,8.41e-005,200,7e-007,3.06e-005,5.4e-006,
1297,0.0002877,3.73e-005,142.857,5e-007,1.34e-005,5.2e-006,
1298,0.0002834,3.69e-005,166.667,2e-007,1.25e-005,4.7e-006,
1299,0.0003539,7.2e-005,200,7e-007,3.62e-005,6.4e-006,
1300,0.0002842,3.87e-005,142.857,2e-007,1.29e-005,4.9e-006,
1301,0.0002904,3.93e-005,166.667,2e-007,1.43e-005,5.2e-006,
1302,0.0002966,4e-005,166.667,3e-007,1.78e-005,5.1e-006,
1303,0.0002792,3.95e-005,166.667,2e-007,1.09e-005,4.9e-006,
1304,0.0002813,4.01e-005,166.667,1e-007,1.16e-005,4.7e-006,
1305,0.000318,4.01e-005,166.667,2e-007,1.74e-005,4.9e-006,
1306,0.0002834,4.06e-005,166.667,5e-007,1.28e-005,5.2e-006,
1307,0.0002761,4.11e-005,166.667,2e-007,1.04e-005,4.6e-006,
1308,0.0003128,3.95e-005,166.667,3e-007,1.39e-005,5e-006,
1309,0.0002786,4.06e-005,166.667,2e-007,1.08e-005,4.7e-006,
1310,0.0002975,3.95e-005,142.857,2e-007,1.15e-005,4.7e-006,
1311,0.0003401,5.86e-005,200,4e-007,2.69e-005,5.5e-006,
1312,0.0002688,4.02e-005,166.667,2e-007,1.43e-005,4.7e-006,
1313,0.0002807,3.92e-005,142.857,3e-007,1.23e-005,4.9e-006,
1314,0.0003734,4.22e-005,200,3e-007,2.25e-005,5.6e-006,
1315,0.0003148,3.97e-005,142.857,2e-007,1.25e-005,5.1e-006,
1316,0.0002788,4.02e-005,166.667,3e-007,1.06e-005,4.7e-006,
1317,0.0003687,5.49e-005,200,3e-007,2.71e-005,6.2e-006,
1318,0.0003104,4e-005,142.857,2e-007,1.18e-005,4.7e-006,
1319,0.0002639,3.27e-005,166.667,1e-007,1.97e-005,4.4e-006,
1320,0.0003626,4.27e-005,166.667,4e-007,3.64e-005,6.4e-006,
1321,0.0003117,4.13e-005,166.667,4e-007,1.17e-005,4.9e-006,
1322,0.0002818,3.99e-005,166.667,2e-007,1.09e-005,4.7e-006,
1323,0.0002978,3.68e-005,166.667,5e-007,2.27e-005,5.7e-006,
1324,0.0002817,4.05e-005,166.667,2e-007,1.09e-005,4.7e-006,
1325,0.0002825,3.97e-005,142.857,2e-007,1.17e-005,4.7e-006,
1326,0.0003078,3.51e-005,200,3e-007,2.56e-005,7e-006,
1327,0.0002953,3.76e-005,166.667,3e-007,1.39e-005,5.4e-006,
1328,0.0003042,4.25e-005,142.857,2e-007,1.29e-005,4.8e-006,
1329,0.0002926,3.36e-005,200,3e-007,2.19e-005,4.5e-006,
1330,0.0002886,3.83e-005,166.667,2e-007,1.18e-005,5e-006,
1331,0.0002999,5.2e-005,142.857,3e-007,1.15e-005,4.8e-006,
1332,0.0003276,3.9e-005,200,3e-007,2.58e-005,5.5e-006,
1333,0.0003192,5.3e-005,142.857,2e-007,1.25e-005,5e-006,
1334,0.0002757,3.78e-005,166.667,2e-007,9.8e-006,4.5e-006,
1335,0.0003825,6.54e-005,200,5e-007,3.02e-005,6.5e-006,
1336,0.000293,3.95e-005,142.857,2e-007,9.7e-006,4.4e-006,
1337,0.0002764,3.92e-005,166.667,2e-007,9.8e-006,4.5e-006,
1338,0.0003548,4.21e-005,166.667,2e-007,2.15e-005,5.6e-006,
1339,0.0002939,4.08e-005,166.667,1e-007,1e-005,4.6e-006,
1340,0.0002758,4e-005,166.667,2e-007,9.5e-006,4.6e-006,
1341,0.0003661,4.24e-005,166.667,4e-007,3e-005,6.7e-006,
1342,0.0003049,4.06e-005,166.667,2e-007,9.7e-006,4.8e-006,
1343,0.0002299,3.27e-005,166.667,1e-007,9.2e-006,3.8e-006,
1344,0.0003806,4.09e-005,166.667,6e-007,2.25e-005,6.8e-006,
1345,0.000282,4.13e-005,166.667,2e-007,1.19e-005,5.2e-006,
1346,0.0002696,3.96e-005,142.857,2e-007,9.9e-006,4.8e-006,
1347,0.0003242,0.000178,200,6e-007,2.78e-005,5.2e-006,
1348,0.0002799,4.03e-005,142.857,3e-007,1.07e-005,4.8e-006,
1349,0.0003033,3.95e-005,166.667,2e-007,1.13e-005,4.7e-006,
1350,0.0002841,3.34e-005,200,2e-007,1.36e-005,5e-006,
1351,0.0002948,3.99e-005,142.857,2e-007,1.26e-005,4.8e-006,
1352,0.0002835,4.01e-005,166.667,2e-007,1.13e-005,4.6e-006,
1353,0.0003306,5.39e-005,166.667,4e-007,2.49e-005,5.2e-006,
1354,0.0002918,3.86e-005,166.667,2e-007,1.01e-005,4.7e-006,
1355,0.0002791,3.96e-005,166.667,2e-007,1.1e-005,4.6e-006,
1356,0.0003975,6.18e-005,166.667,6e-007,2.72e-005,7.3e-006,
1357,0.0002918,3.69e-005,166.667,2e-007,9.9e-006,4.8e-006,
1358,0.0002768,4.14e-005,142.857,2e-007,8.5e-006,4.6e-006,
1359,0.0003248,4.09e-005,200,7e-007,2.87e-005,6.6e-006,
1360,0.0002815,0.000109,142.857,1e-007,1.1e-005,4.7e-006,
1361,0.0002321,3.27e-005,166.667,2e-007,9.8e-006,4.3e-006,
1362,0.0003696,3.92e-005,200,3e-007,2.05e-005,5.3e-006,
